frame,t,state,x,y,snr,centroid_err_px
0,0.0,ACQUIRE,791.519,804.657,44.2,0.1218
1,0.0333,ACQUIRE,794.403,806.992,57.1,0.1613
2,0.0667,LOCK,797.573,809.405,52.7,0.0365
3,0.1,LOCK,800.775,811.829,43.8,0.2082
4,0.1333,LOCK,803.745,814.381,43.8,0.143
5,0.1667,LOCK,806.525,817.128,49.1,0.2074
6,0.2,LOCK,809.966,819.425,41.9,0.3064
7,0.2333,LOCK,812.741,822.117,38.8,0.0629
8,0.2667,LOCK,815.781,824.691,42.8,0.0516
9,0.3,LOCK,818.844,827.196,38.8,0.0776
10,0.3333,LOCK,821.928,829.884,41.9,0.0784
11,0.3667,LOCK,824.879,832.526,40.4,0.0291
12,0.4,LOCK,827.942,835.021,44.9,0.1751
13,0.4333,LOCK,831.026,837.829,44.4,0.0496
14,0.4667,LOCK,834.085,840.702,47.5,0.1256
15,0.5,LOCK,837.081,843.319,41.9,0.111
16,0.5333,LOCK,840.324,845.876,41.5,0.1681
17,0.5667,LOCK,843.333,848.771,48.5,0.0331
18,0.6,LOCK,846.387,851.573,44.3,0.0642
19,0.6333,LOCK,849.513,854.223,47.5,0.1338
20,0.6667,LOCK,853.065,857.011,36.8,0.444
21,0.7,LOCK,855.893,859.804,44.7,0.2282
22,0.7333,LOCK,858.996,862.819,35.1,0.1378
23,0.7667,LOCK,862.065,865.84,34.5,0.1928
24,0.8,LOCK,865.06,868.837,38.8,0.2975
25,0.8333,LOCK,867.92,871.263,31.1,0.3292
26,0.8667,LOCK,871.329,874.247,41.3,0.0762
27,0.9,LOCK,874.447,876.877,44.5,0.359
28,0.9333,LOCK,877.623,880.082,40.2,0.0885
29,0.9667,LOCK,880.737,883.224,44.6,0.122
30,1.0,LOCK,884.117,886.078,38.0,0.2583
31,1.0333,LOCK,886.993,888.863,39.4,0.1606
32,1.0667,LOCK,890.038,891.995,33.5,0.1087
33,1.1,LOCK,893.272,895.135,38.3,0.1428
34,1.1333,LOCK,896.271,898.157,34.0,0.2347
35,1.1667,LOCK,899.428,901.046,32.5,0.1726
36,1.2,LOCK,902.787,904.005,36.8,0.0482
37,1.2333,LOCK,906.04,906.965,33.2,0.1697
38,1.2667,LOCK,909.19,910.087,36.2,0.1216
39,1.3,LOCK,912.122,913.4,37.1,0.2471
40,1.3333,LOCK,915.508,916.053,32.8,0.2226
41,1.3667,LOCK,918.605,919.486,33.2,0.1611
42,1.4,LOCK,921.925,922.409,34.3,0.1792
43,1.4333,LOCK,925.138,925.334,28.5,0.2795
44,1.4667,LOCK,928.035,928.579,34.7,0.0702
45,1.5,LOCK,931.363,931.823,33.0,0.1316
46,1.5333,LOCK,934.276,935.105,32.2,0.314
47,1.5667,LOCK,937.682,937.868,33.9,0.1151
48,1.6,LOCK,940.863,940.898,37.9,0.2143
49,1.6333,LOCK,944.231,944.095,31.5,0.2741
50,1.6667,LOCK,947.106,947.3,34.4,0.1285
51,1.7,LOCK,950.283,950.618,36.8,0.1183
52,1.7333,LOCK,953.507,953.522,37.0,0.1963
53,1.7667,LOCK,956.589,956.812,35.7,0.1819
54,1.8,LOCK,959.939,960.101,36.2,0.0602
55,1.8333,LOCK,962.894,963.406,35.6,0.3159
56,1.8667,LOCK,966.244,966.351,36.1,0.1053
57,1.9,LOCK,969.515,969.734,36.1,0.1605
58,1.9333,LOCK,973.029,973.037,32.6,0.4064
59,1.9667,LOCK,975.922,975.918,36.6,0.0308
60,2.0,LOCK,979.005,978.913,34.1,0.2572
61,2.0333,LOCK,982.223,982.498,36.0,0.194
62,2.0667,LOCK,985.55,985.452,34.3,0.0799
63,2.1,LOCK,988.69,988.643,34.5,0.0886
64,2.1333,LOCK,992.022,992.201,36.0,0.2944
65,2.1667,LOCK,994.979,995.004,41.0,0.1869
66,2.2,LOCK,998.115,998.536,47.0,0.298
67,2.2333,LOCK,1001.684,1001.623,44.5,0.1893
68,2.2667,LOCK,1004.606,1004.662,42.8,0.1312
69,2.3,LOCK,1008.031,1008.028,35.3,0.1522
70,2.3333,LOCK,1010.981,1011.27,33.6,0.2065
71,2.3667,LOCK,1014.342,1014.363,36.2,0.0505
72,2.4,LOCK,1017.517,1017.448,33.2,0.0654
73,2.4333,LOCK,1020.858,1020.821,30.9,0.1806
74,2.4667,LOCK,1023.885,1023.99,36.4,0.0976
75,2.5,LOCK,1027.003,1026.899,33.8,0.2172
76,2.5333,LOCK,1030.409,1030.137,33.4,0.1667
77,2.5667,LOCK,1033.435,1033.307,33.0,0.1621
78,2.6,LOCK,1036.705,1036.636,35.3,0.0073
79,2.6333,LOCK,1039.914,1040.001,34.9,0.1974
80,2.6667,LOCK,1043.179,1043.292,33.2,0.3318
81,2.7,LOCK,1046.201,1046.177,37.9,0.0851
82,2.7333,LOCK,1049.466,1049.284,33.2,0.0141
83,2.7667,LOCK,1052.515,1052.332,38.0,0.1845
84,2.8,LOCK,1055.954,1055.704,40.6,0.1534
85,2.8333,LOCK,1059.151,1058.781,36.4,0.1298
86,2.8667,LOCK,1062.254,1061.884,36.8,0.0438
87,2.9,LOCK,1065.542,1064.885,35.5,0.1912
88,2.9333,LOCK,1068.676,1067.976,36.8,0.1799
89,2.9667,LOCK,1071.702,1071.008,35.2,0.2331
90,3.0,LOCK,1074.988,1074.489,36.2,0.1617
91,3.0333,LOCK,1078.13,1077.547,32.7,0.115
92,3.0667,LOCK,1081.225,1080.66,33.9,0.1444
93,3.1,LOCK,1084.347,1083.59,31.9,0.0942
94,3.1333,LOCK,1088.103,1086.723,34.3,0.4978
95,3.1667,LOCK,1091.044,1089.745,34.5,0.2712
96,3.2,LOCK,1093.879,1092.817,32.4,0.0695
97,3.2333,LOCK,1097.116,1095.905,28.9,0.0935
98,3.2667,LOCK,1099.746,1098.887,34.4,0.5056
99,3.3,LOCK,1103.178,1102.017,33.3,0.2774
100,3.3333,LOCK,1106.757,1104.828,32.8,0.2054
101,3.3667,LOCK,1109.738,1107.817,39.2,0.051
102,3.4,LOCK,1112.877,1110.87,39.9,0.0477
103,3.4333,LOCK,1115.943,1114.047,35.8,0.2509
104,3.4667,LOCK,1119.385,1117.08,34.7,0.4164
105,3.5,LOCK,1122.262,1119.883,34.4,0.188
106,3.5333,LOCK,1125.31,1122.698,35.3,0.1106
107,3.5667,LOCK,1128.34,1125.593,31.5,0.1881
108,3.6,LOCK,1131.69,1128.432,36.8,0.0473
109,3.6333,LOCK,1134.613,1131.112,35.6,0.2565
110,3.6667,LOCK,1137.78,1133.986,34.9,0.2262
111,3.7,LOCK,1141.013,1137.035,36.7,0.0229
112,3.7333,LOCK,1143.911,1139.904,31.9,0.1902
113,3.7667,LOCK,1146.961,1142.718,34.5,0.2431
114,3.8,LOCK,1150.36,1145.475,35.9,0.0666
115,3.8333,LOCK,1153.333,1148.578,33.1,0.2839
116,3.8667,LOCK,1156.624,1151.018,39.9,0.1438
117,3.9,LOCK,1159.812,1154.083,36.6,0.3434
118,3.9333,LOCK,1162.912,1156.623,33.7,0.2566
119,3.9667,LOCK,1165.82,1159.007,35.0,0.2944
120,4.0,LOCK,1169.071,1162.177,37.4,0.318
121,4.0333,LOCK,1171.899,1165.001,33.7,0.324
122,4.0667,LOCK,1175.025,1167.062,37.9,0.2919
123,4.1,LOCK,1178.008,1169.758,36.8,0.2314
124,4.1333,LOCK,1181.004,1172.641,36.3,0.0575
125,4.1667,LOCK,1184.086,1174.989,36.7,0.2344
126,4.2,LOCK,1187.223,1177.994,34.4,0.1989
127,4.2333,LOCK,1190.091,1180.28,36.3,0.136
128,4.2667,LOCK,1193.015,1183.102,34.4,0.2694
129,4.3,LOCK,1196.127,1185.309,33.6,0.1827
130,4.3333,LOCK,1199.292,1187.901,36.7,0.0601
131,4.3667,LOCK,1202.396,1190.147,33.4,0.3135
132,4.4,LOCK,1205.439,1192.695,35.0,0.2533
133,4.4333,LOCK,1208.193,1194.986,32.8,0.3677
134,4.4667,LOCK,1211.393,1197.815,37.3,0.1164
135,4.5,LOCK,1214.252,1200.138,34.3,0.0355
136,4.5333,LOCK,1217.103,1202.598,36.1,0.1832
137,4.5667,LOCK,1220.281,1205.036,38.8,0.1645
138,4.6,LOCK,1223.15,1207.102,37.6,0.1227
139,4.6333,LOCK,1226.271,1209.421,36.3,0.114
140,4.6667,LOCK,1229.069,1211.787,32.1,0.0827
141,4.7,LOCK,1231.906,1214.157,34.1,0.2334
142,4.7333,LOCK,1234.993,1216.197,34.6,0.0908
143,4.7667,LOCK,1237.962,1218.525,39.9,0.0628
144,4.8,LOCK,1241.076,1220.812,39.5,0.2181
145,4.8333,LOCK,1243.954,1222.889,36.7,0.1289
146,4.8667,LOCK,1246.875,1224.949,35.8,0.1012
147,4.9,LOCK,1249.838,1226.959,39.9,0.1709
148,4.9333,LOCK,1252.604,1228.947,33.5,0.1733
149,4.9667,LOCK,1255.356,1231.0,38.0,0.2207
150,5.0,LOCK,1258.359,1233.256,35.3,0.0631
151,5.0333,LOCK,1261.267,1235.167,34.4,0.0315
152,5.0667,LOCK,1264.099,1237.0,37.6,0.178
153,5.1,LOCK,1266.815,1239.22,37.8,0.225
154,5.1333,LOCK,1269.691,1241.196,32.9,0.2462
155,5.1667,LOCK,1272.886,1243.113,35.1,0.2405
156,5.2,LOCK,1275.426,1244.93,37.4,0.206
157,5.2333,LOCK,1278.507,1246.474,35.9,0.178
158,5.2667,LOCK,1281.202,1248.512,36.3,0.09
159,5.3,LOCK,1284.045,1250.166,37.1,0.0555
160,5.3333,LOCK,1286.909,1251.853,44.3,0.1159
161,5.3667,LOCK,1289.668,1253.698,42.7,0.0243
162,5.4,LOCK,1292.485,1255.305,39.3,0.0768
163,5.4333,LOCK,1295.347,1257.088,38.2,0.0793
164,5.4667,LOCK,1298.103,1258.527,35.9,0.1604
165,5.5,LOCK,1300.764,1260.173,38.7,0.1346
166,5.5333,LOCK,1303.623,1261.93,36.4,0.0706
167,5.5667,LOCK,1306.44,1263.171,36.8,0.2551
168,5.6,LOCK,1309.061,1264.978,43.3,0.0652
169,5.6333,LOCK,1312.064,1266.198,37.4,0.3119
170,5.6667,LOCK,1314.533,1267.836,35.3,0.0496
171,5.7,LOCK,1317.269,1269.199,33.7,0.0983
172,5.7333,LOCK,1319.965,1270.723,35.1,0.0495
173,5.7667,LOCK,1322.738,1272.067,38.0,0.0377
174,5.8,LOCK,1325.361,1273.091,34.8,0.2981
175,5.8333,LOCK,1328.192,1274.833,37.7,0.1822
176,5.8667,LOCK,1330.765,1275.972,34.4,0.016
177,5.9,LOCK,1333.201,1277.041,39.0,0.2711
178,5.9333,LOCK,1336.218,1278.292,37.6,0.1834
179,5.9667,LOCK,1338.733,1279.645,35.9,0.0616
180,6.0,LOCK,1341.242,1280.714,36.4,0.1169
181,6.0333,LOCK,1344.127,1281.766,38.5,0.16
182,6.0667,LOCK,1346.483,1283.11,37.6,0.2236
183,6.1,LOCK,1348.99,1283.975,36.6,0.2193
184,6.1333,LOCK,1351.741,1285.033,37.4,0.0811
185,6.1667,LOCK,1354.355,1286.083,37.5,0.121
186,6.2,LOCK,1356.991,1286.897,41.7,0.0303
187,6.2333,LOCK,1359.499,1287.921,35.2,0.0907
188,6.2667,LOCK,1362.032,1288.726,38.5,0.0621
189,6.3,LOCK,1364.882,1289.606,40.2,0.2441
190,6.3333,LOCK,1367.067,1290.313,37.1,0.1376
191,6.3667,LOCK,1369.812,1291.286,34.4,0.1517
192,6.4,LOCK,1371.984,1292.064,41.7,0.2663
193,6.4333,LOCK,1374.831,1292.778,36.0,0.1637
194,6.4667,LOCK,1377.16,1293.328,34.7,0.0576
195,6.5,LOCK,1379.728,1294.03,33.8,0.0435
196,6.5333,LOCK,1381.933,1294.707,37.6,0.2542
197,6.5667,LOCK,1384.628,1295.371,39.2,0.167
198,6.6,LOCK,1387.054,1295.945,35.3,0.1905
199,6.6333,LOCK,1389.41,1296.121,40.0,0.1911
200,6.6667,LOCK,1392.027,1297.027,41.4,0.2758
201,6.7,LOCK,1394.535,1297.16,39.2,0.1758
202,6.7333,LOCK,1396.976,1297.803,33.8,0.2647
203,6.7667,LOCK,1399.083,1297.973,37.0,0.0965
204,6.8,LOCK,1401.502,1298.258,34.8,0.1203
205,6.8333,LOCK,1403.991,1298.75,33.7,0.0947
206,6.8667,LOCK,1406.355,1298.95,33.6,0.072
207,6.9,LOCK,1408.557,1299.248,33.2,0.0844
208,6.9333,LOCK,1411.111,1299.343,36.0,0.1645
209,6.9667,LOCK,1413.121,1299.566,41.8,0.1814
210,7.0,LOCK,1415.287,1299.67,37.4,0.3353
211,7.0333,LOCK,1417.783,1300.147,36.4,0.3081
212,7.0667,LOCK,1420.11,1300.014,34.9,0.1148
213,7.1,LOCK,1422.479,1300.001,43.0,0.012
214,7.1333,LOCK,1424.631,1300.307,38.1,0.3292
215,7.1667,LOCK,1426.928,1300.051,34.9,0.1051
216,7.2,LOCK,1429.163,1300.025,37.5,0.1353
217,7.2333,LOCK,1431.611,1299.994,40.0,0.2187
218,7.2667,LOCK,1433.73,1299.889,34.0,0.1963
219,7.3,LOCK,1436.04,1299.628,37.2,0.1709
220,7.3333,LOCK,1437.804,1299.171,37.8,0.3312
221,7.3667,LOCK,1440.289,1299.216,36.4,0.1063
222,7.4,LOCK,1442.337,1299.189,38.9,0.3545
223,7.4333,LOCK,1444.378,1298.372,35.7,0.2797
224,7.4667,LOCK,1446.704,1298.062,34.7,0.1617
225,7.5,LOCK,1449.13,1297.954,32.1,0.284
226,7.5333,LOCK,1450.978,1297.435,36.5,0.0235
227,7.5667,LOCK,1452.987,1296.95,40.1,0.1231
228,7.6,LOCK,1454.999,1296.504,37.9,0.1865
229,7.6333,LOCK,1457.183,1295.934,37.1,0.1435
230,7.6667,LOCK,1459.377,1295.589,37.6,0.0856
231,7.7,LOCK,1461.338,1295.129,37.3,0.1758
232,7.7333,LOCK,1463.451,1294.424,38.1,0.0783
233,7.7667,LOCK,1465.328,1293.774,39.9,0.1216
234,7.8,LOCK,1467.486,1293.106,35.8,0.0629
235,7.8333,LOCK,1469.399,1292.261,36.0,0.1048
236,7.8667,LOCK,1471.484,1291.537,35.1,0.0938
237,7.9,LOCK,1473.487,1290.913,33.1,0.1001
238,7.9333,LOCK,1475.268,1289.946,36.1,0.1437
239,7.9667,LOCK,1477.12,1289.231,37.2,0.1944
240,8.0,LOCK,1479.221,1288.233,34.8,0.1185
241,8.0333,LOCK,1481.018,1287.494,34.9,0.1532
242,8.0667,LOCK,1483.115,1286.58,37.7,0.0774
243,8.1,LOCK,1485.03,1285.672,38.0,0.1386
244,8.1333,LOCK,1487.109,1284.947,37.5,0.477
245,8.1667,LOCK,1488.542,1283.417,38.3,0.1921
246,8.2,LOCK,1490.699,1282.486,37.8,0.1497
247,8.2333,LOCK,1492.508,1281.231,33.3,0.184
248,8.2667,LOCK,1494.08,1280.475,38.3,0.2648
249,8.3,LOCK,1495.861,1279.229,35.2,0.2117
250,8.3333,LOCK,1497.866,1277.966,37.7,0.0907
251,8.3667,LOCK,1499.421,1276.766,36.6,0.191
252,8.4,LOCK,1501.317,1275.59,37.1,0.1723
253,8.4333,LOCK,1502.998,1274.089,35.6,0.1164
254,8.4667,LOCK,1505.106,1272.798,33.1,0.2664
255,8.5,LOCK,1506.687,1271.474,40.1,0.1236
256,8.5333,LOCK,1508.132,1269.982,39.3,0.1812
257,8.5667,LOCK,1510.006,1268.719,37.3,0.051
258,8.6,LOCK,1511.737,1267.128,34.5,0.1551
259,8.6333,LOCK,1513.14,1265.831,37.6,0.1743
260,8.6667,LOCK,1515.014,1264.052,33.6,0.2385
261,8.7,LOCK,1516.641,1262.854,38.5,0.1122
262,8.7333,LOCK,1517.942,1260.957,33.6,0.3599
263,8.7667,LOCK,1519.968,1259.95,39.4,0.3768
264,8.8,LOCK,1521.346,1257.969,39.8,0.0645
265,8.8333,LOCK,1523.005,1256.504,37.8,0.1661
266,8.8667,LOCK,1524.716,1254.8,36.4,0.2196
267,8.9,LOCK,1526.142,1252.769,34.4,0.194
268,8.9333,LOCK,1527.81,1251.047,33.1,0.256
269,8.9667,LOCK,1529.081,1249.372,37.3,0.1033
270,9.0,LOCK,1530.766,1247.658,42.4,0.1271
271,9.0333,LOCK,1532.3,1245.97,35.3,0.2144
272,9.0667,LOCK,1533.686,1243.867,35.7,0.1597
273,9.1,LOCK,1535.047,1241.939,41.4,0.184
274,9.1333,LOCK,1536.431,1240.075,35.0,0.1578
275,9.1667,LOCK,1538.065,1238.194,37.1,0.1759
276,9.2,LOCK,1539.299,1236.332,38.7,0.0282
277,9.2333,LOCK,1540.909,1234.163,34.9,0.2623
278,9.2667,LOCK,1542.125,1232.238,41.4,0.101
279,9.3,LOCK,1543.569,1230.022,34.6,0.2949
280,9.3333,LOCK,1544.828,1228.291,38.1,0.0577
281,9.3667,LOCK,1546.073,1226.123,42.4,0.0765
282,9.4,LOCK,1547.363,1224.204,32.3,0.2019
283,9.4333,LOCK,1549.017,1222.054,36.0,0.3016
284,9.4667,LOCK,1550.071,1219.608,39.7,0.1156
285,9.5,LOCK,1551.218,1217.545,39.1,0.1037
286,9.5333,LOCK,1552.48,1215.363,40.6,0.1073
287,9.5667,LOCK,1553.533,1212.762,37.1,0.4205
288,9.6,LOCK,1555.045,1210.985,41.1,0.1751
289,9.6333,LOCK,1556.096,1208.523,38.8,0.1497
290,9.6667,LOCK,1557.477,1206.147,34.6,0.0728
291,9.7,LOCK,1558.726,1204.142,40.8,0.2914
292,9.7333,LOCK,1559.807,1201.522,37.6,0.0349
293,9.7667,LOCK,1561.115,1199.011,35.9,0.2323
294,9.8,LOCK,1561.841,1196.928,41.8,0.2864
295,9.8333,LOCK,1563.037,1194.316,38.6,0.1207
296,9.8667,LOCK,1564.357,1191.841,39.8,0.1033
297,9.9,LOCK,1565.142,1189.466,37.6,0.2099
298,9.9333,LOCK,1566.234,1187.033,37.5,0.2187
299,9.9667,LOCK,1567.361,1184.373,36.0,0.0836
