frame,t,state,visible,in_fov,true_x,true_y,bore_x,bore_y,det_x,det_y,tracking_err_px,centroid_err_px,proc_ms
0,0.0,SEARCH,True,False,401.654,955.474,1000.0,1000.0,,,600.0,,15.602
1,0.033,SEARCH,True,False,401.965,951.487,1009.636,1013.792,,,610.857,,16.256
2,0.067,SEARCH,True,False,402.301,947.501,984.542,987.694,,,583.626,,17.434
3,0.1,SEARCH,True,False,402.664,943.517,960.228,973.208,,,558.353,,15.798
4,0.133,SEARCH,True,False,403.054,939.536,936.688,960.054,,,534.028,,17.302
5,0.167,SEARCH,True,False,403.471,935.558,913.781,951.069,,,510.546,,17.791
6,0.2,SEARCH,True,False,403.914,931.583,890.875,943.344,,,487.103,,16.829
7,0.233,SEARCH,True,False,404.383,927.61,867.968,935.833,,,463.658,,55.998
8,0.267,SEARCH,True,False,404.879,923.641,845.061,932.923,,,440.281,,21.681
9,0.3,SEARCH,True,False,405.401,919.675,822.155,929.283,,,416.864,,21.863
10,0.333,SEARCH,True,False,405.95,915.713,799.248,921.75,,,393.345,,15.485
11,0.367,SEARCH,True,False,406.525,911.755,776.341,919.356,,,369.895,,16.293
12,0.4,SEARCH,True,False,407.126,907.8,753.435,914.658,,,346.376,,34.071
13,0.433,SEARCH,True,False,407.754,903.85,730.528,909.369,,,322.821,,24.714
14,0.467,ACQUIRE,True,True,408.408,899.904,707.621,907.364,21.15,234.953,299.306,0.242,38.552
15,0.5,ACQUIRE,True,True,409.089,895.962,684.715,904.64,39.029,225.737,275.763,0.235,17.642
16,0.533,LOCK,True,True,409.795,892.025,661.808,896.783,65.979,241.833,252.057,0.078,11.046
17,0.567,LOCK,True,True,410.528,888.093,638.901,890.576,80.335,246.089,228.386,0.156,4.962
18,0.6,LOCK,True,True,411.288,884.165,615.995,884.843,108.031,240.206,204.708,0.029,4.255
19,0.633,LOCK,True,True,412.073,880.243,593.088,880.758,138.111,233.719,181.016,0.076,6.229
20,0.667,LOCK,True,True,412.884,876.326,570.181,877.677,155.747,240.207,157.303,0.137,6.467
21,0.7,LOCK,True,True,413.722,872.415,547.275,873.073,193.039,241.107,133.555,0.206,8.273
22,0.733,LOCK,True,True,414.585,868.509,524.368,867.679,205.763,233.585,109.786,0.056,4.652
23,0.767,LOCK,True,True,415.475,864.61,501.461,863.671,240.168,248.005,85.991,0.231,6.563
24,0.8,LOCK,True,True,416.391,860.716,478.555,860.022,258.796,240.491,62.168,0.149,7.518
25,0.833,LOCK,True,True,417.332,856.828,455.648,855.41,285.327,241.29,38.342,0.051,6.045
26,0.867,LOCK,True,True,418.3,852.947,441.896,851.126,306.852,241.568,23.667,0.143,6.61
27,0.9,LOCK,True,True,419.293,849.072,432.73,847.308,305.64,248.489,13.553,0.035,5.109
28,0.933,LOCK,True,True,420.312,845.204,427.472,843.382,322.343,238.575,7.388,0.133,4.441
29,0.967,LOCK,True,True,421.357,841.343,424.823,839.759,315.729,233.99,3.811,0.129,6.916
30,1.0,LOCK,True,True,422.427,837.489,424.065,836.571,320.276,229.224,1.877,0.156,5.809
31,1.033,LOCK,True,True,423.524,833.642,423.563,833.388,308.632,251.662,0.258,0.192,4.355
32,1.067,LOCK,True,True,424.645,829.803,423.206,829.118,329.458,234.302,1.594,0.062,5.069
33,1.1,LOCK,True,True,425.793,825.971,423.25,825.397,332.086,230.671,2.607,0.083,6.058
34,1.133,LOCK,True,True,426.966,822.147,424.111,821.933,319.303,231.403,2.862,0.124,4.631
35,1.167,LOCK,True,True,428.164,818.331,425.148,817.726,314.04,251.014,3.076,0.215,4.417
36,1.2,LOCK,True,True,429.388,814.522,426.211,815.157,319.443,237.074,3.239,0.079,8.611
37,1.233,LOCK,True,True,430.637,810.722,427.135,810.991,314.071,244.757,3.513,0.11,8.485
38,1.267,LOCK,True,True,431.912,806.931,428.549,807.027,314.763,238.54,3.364,0.167,6.348
39,1.3,LOCK,True,True,433.211,803.148,430.312,802.74,334.506,237.32,2.928,0.046,4.612
40,1.333,LOCK,True,True,434.536,799.374,431.515,798.858,311.512,230.648,3.065,0.074,3.957
41,1.367,LOCK,True,True,435.886,795.609,432.511,794.226,325.992,235.889,3.647,0.191,8.089
42,1.4,LOCK,True,True,437.262,791.852,434.439,791.455,333.986,246.243,2.851,0.167,12.132
43,1.433,LOCK,True,True,438.662,788.105,435.299,787.361,324.943,247.118,3.444,0.371,9.613
44,1.467,LOCK,True,True,440.087,784.368,437.0,783.536,326.018,251.732,3.197,0.173,8.626
45,1.5,LOCK,True,True,441.537,780.64,439.054,779.525,315.371,230.965,2.722,0.14,3.474
46,1.533,LOCK,True,True,443.012,776.922,440.438,776.2,330.068,246.098,2.673,0.228,4.45
47,1.567,LOCK,True,True,444.511,773.213,441.598,772.357,320.38,237.747,3.036,0.092,2.763
48,1.6,LOCK,True,True,446.035,769.515,442.349,769.212,311.918,239.044,3.699,0.064,3.04
49,1.633,LOCK,True,True,447.584,765.827,444.144,765.021,326.06,240.768,3.533,0.036,4.423
50,1.667,LOCK,True,True,449.158,762.15,445.679,761.394,312.912,246.803,3.56,0.127,2.9
51,1.7,LOCK,True,True,450.756,758.483,446.765,757.588,313.663,249.4,4.09,0.148,3.881
52,1.733,LOCK,True,True,452.378,754.827,448.861,753.396,314.143,229.998,3.796,0.194,12.077
53,1.767,LOCK,True,True,454.025,751.181,450.242,749.871,315.93,250.249,4.003,0.135,5.853
54,1.8,LOCK,True,True,455.695,747.547,451.774,746.64,320.642,245.689,4.025,0.157,4.137
55,1.833,LOCK,True,True,457.391,743.924,453.526,742.787,314.305,231.955,4.028,0.099,5.211
56,1.867,LOCK,True,True,459.11,740.312,455.039,739.293,323.007,237.836,4.196,0.069,3.206
57,1.9,LOCK,True,True,460.853,736.712,456.559,736.06,317.221,230.458,4.343,0.066,3.326
58,1.933,LOCK,True,True,462.62,733.124,457.868,732.383,332.303,241.419,4.81,0.187,4.124
59,1.967,LOCK,True,True,464.411,729.547,458.522,727.704,330.337,243.866,6.172,0.212,3.302
60,2.0,LOCK,True,True,466.226,725.983,459.971,723.872,327.811,244.919,6.601,0.259,6.474
61,2.033,LOCK,True,True,468.065,722.43,461.648,719.965,329.943,243.698,6.874,0.127,6.065
62,2.067,LOCK,True,True,469.927,718.89,463.832,717.22,324.282,238.241,6.32,0.107,3.185
63,2.1,LOCK,True,True,471.813,715.363,466.346,714.285,322.099,229.94,5.572,0.035,3.836
64,2.133,LOCK,True,True,473.722,711.848,468.918,710.732,325.611,244.395,4.932,0.177,3.161
65,2.167,LOCK,True,True,475.655,708.346,471.478,706.887,331.925,247.87,4.424,0.119,3.32
66,2.2,LOCK,True,True,477.611,704.856,473.426,704.132,335.084,230.119,4.247,0.266,2.777
67,2.233,LOCK,True,True,479.59,701.38,475.525,700.101,318.766,238.094,4.262,0.104,3.586
68,2.267,LOCK,True,True,481.593,697.918,477.259,696.897,323.236,240.01,4.453,0.094,7.299
69,2.3,LOCK,True,True,483.618,694.468,480.478,693.108,316.626,245.504,3.422,0.175,5.322
70,2.333,LOCK,True,True,485.666,691.033,483.04,690.167,314.012,248.053,2.765,0.3,9.013
71,2.367,LOCK,True,True,487.737,687.611,485.649,686.807,314.276,228.934,2.238,0.077,13.248
72,2.4,LOCK,True,True,489.831,684.203,487.468,682.998,333.022,241.008,2.653,0.044,3.894
73,2.433,LOCK,True,True,491.948,680.808,489.427,679.356,322.853,241.958,2.91,0.173,5.856
74,2.467,LOCK,True,True,494.087,677.429,491.436,675.834,320.026,247.024,3.094,0.143,13.661
75,2.5,LOCK,True,True,496.249,674.063,492.973,672.329,315.643,232.52,3.707,0.126,11.201
76,2.533,LOCK,True,True,498.433,670.712,495.325,669.363,319.925,252.309,3.388,0.18,9.534
77,2.567,LOCK,True,True,500.639,667.376,497.149,666.196,322.235,235.469,3.684,0.151,7.44
78,2.6,LOCK,True,True,502.868,664.054,500.883,663.65,322.029,229.101,2.026,0.039,12.409
79,2.633,LOCK,True,True,505.119,660.747,502.509,660.688,313.07,229.138,2.611,0.277,12.061
80,2.667,LOCK,True,True,507.391,657.455,505.02,657.973,315.602,229.901,2.427,0.079,7.841
81,2.7,LOCK,True,True,509.686,654.179,507.053,654.58,315.875,245.048,2.663,0.16,8.526
82,2.733,LOCK,True,True,512.002,650.918,509.37,651.492,332.052,230.082,2.694,0.097,11.441
83,2.767,LOCK,True,True,514.34,647.672,511.767,647.349,323.869,244.961,2.594,0.147,24.79
84,2.8,LOCK,True,True,516.7,644.443,514.122,643.959,316.866,236.839,2.623,0.055,41.737
85,2.833,LOCK,True,True,519.081,641.229,516.417,640.674,315.851,245.682,2.721,0.129,6.629
86,2.867,LOCK,True,True,521.484,638.03,518.054,636.912,316.05,239.214,3.607,0.186,9.141
87,2.9,LOCK,True,True,523.907,634.848,520.61,633.448,324.971,231.047,3.582,0.221,6.672
88,2.933,LOCK,True,True,526.352,631.683,523.785,630.493,334.323,233.809,2.829,0.148,6.65
89,2.967,LOCK,True,True,528.818,628.533,526.67,627.27,323.668,233.758,2.492,0.04,8.75
90,3.0,LOCK,True,True,531.305,625.4,529.297,623.452,320.726,240.05,2.797,0.086,7.001
91,3.033,LOCK,True,True,533.813,622.284,532.074,620.41,319.391,239.7,2.557,0.069,7.252
92,3.067,LOCK,True,True,536.341,619.184,534.357,617.87,325.668,253.355,2.38,0.22,5.577
93,3.1,LOCK,True,True,538.89,616.102,536.704,616.087,319.048,249.002,2.187,0.105,19.319
94,3.133,LOCK,True,True,541.46,613.036,538.745,613.848,316.007,245.749,2.834,0.194,6.14
95,3.167,LOCK,True,True,544.05,609.988,540.775,611.194,328.399,247.87,3.49,0.163,29.191
96,3.2,LOCK,True,True,546.66,606.957,542.888,607.373,315.737,235.667,3.795,0.099,3.707
97,3.233,LOCK,True,True,549.29,603.943,545.57,604.096,332.043,242.685,3.724,0.116,4.661
98,3.267,LOCK,True,True,551.941,600.948,547.886,600.625,333.124,236.997,4.068,0.067,2.732
99,3.3,LOCK,True,True,554.611,597.969,551.874,597.508,332.415,229.04,2.775,0.16,4.066
100,3.333,LOCK,True,True,557.301,595.009,554.703,594.383,315.949,242.896,2.672,0.146,3.978
101,3.367,LOCK,True,True,560.011,592.067,558.248,591.251,321.167,239.172,1.943,0.188,3.117
102,3.4,LOCK,True,True,562.74,589.143,561.206,588.323,325.63,238.371,1.739,0.057,29.707
103,3.433,LOCK,True,True,565.489,586.237,563.062,585.52,325.623,245.726,2.53,0.164,2.876
104,3.467,LOCK,True,True,568.257,583.349,565.667,582.316,313.232,243.898,2.788,0.298,3.606
105,3.5,LOCK,True,True,571.044,580.48,568.485,578.855,311.72,238.164,3.032,0.143,7.72
106,3.533,LOCK,True,True,573.85,577.63,571.89,576.105,312.834,244.426,2.483,0.119,11.762
107,3.567,LOCK,True,True,576.676,574.798,575.572,572.882,326.622,248.038,2.211,0.149,7.193
108,3.6,LOCK,True,True,579.52,571.986,578.507,569.957,330.528,244.321,2.268,0.112,2.678
109,3.633,LOCK,True,True,582.383,569.192,580.598,567.823,315.185,243.594,2.249,0.164,3.001
110,3.667,LOCK,True,True,585.264,566.417,583.168,566.041,313.337,244.944,2.129,0.158,4.112
111,3.7,LOCK,True,True,588.164,563.662,586.917,563.712,316.016,250.63,1.247,0.112,3.209
112,3.733,LOCK,True,True,591.082,560.926,588.987,561.57,331.743,237.089,2.191,0.171,2.719
113,3.767,LOCK,True,True,594.018,558.21,591.39,559.232,314.359,245.148,2.819,0.192,8.789
114,3.8,LOCK,True,True,596.972,555.513,594.955,556.351,314.065,238.038,2.184,0.152,7.182
115,3.833,LOCK,True,True,599.944,552.836,597.932,552.613,331.94,247.864,2.025,0.261,6.035
116,3.867,LOCK,True,True,602.934,550.179,601.334,550.109,318.005,250.05,1.602,0.149,5.149
117,3.9,LOCK,True,True,605.942,547.542,604.644,548.199,309.745,238.291,1.455,0.083,5.138
118,3.933,LOCK,True,True,608.967,544.925,607.546,545.522,332.54,248.683,1.542,0.05,4.681
119,3.967,LOCK,True,True,612.009,542.328,610.704,541.4,327.266,238.084,1.602,0.243,7.407
120,4.0,LOCK,True,True,615.069,539.752,613.744,538.015,320.268,240.182,2.184,0.265,5.619
121,4.033,LOCK,True,True,618.146,537.196,616.368,536.148,328.371,239.975,2.064,0.094,5.725
122,4.067,LOCK,True,True,621.24,534.661,619.421,534.019,317.243,247.991,1.928,0.035,6.402
123,4.1,LOCK,True,True,624.351,532.146,622.265,532.12,328.145,244.691,2.086,0.163,6.796
124,4.133,LOCK,True,True,627.478,529.652,626.549,530.048,320.203,249.388,1.009,0.079,6.568
125,4.167,LOCK,True,True,630.622,527.179,629.236,527.973,324.582,232.495,1.597,0.071,6.97
126,4.2,LOCK,True,True,633.782,524.727,632.575,525.138,325.782,238.339,1.275,0.032,8.538
127,4.233,LOCK,True,True,636.959,522.296,635.576,522.428,327.046,250.377,1.39,0.191,10.284
128,4.267,LOCK,True,True,640.151,519.886,638.812,519.802,315.076,233.035,1.342,0.141,5.578
129,4.3,LOCK,True,True,643.36,517.498,641.238,516.581,330.929,236.986,2.312,0.125,5.594
130,4.333,LOCK,True,True,646.585,515.131,644.984,513.972,326.318,246.358,1.976,0.172,4.167
131,4.367,LOCK,True,True,649.825,512.786,647.766,511.296,323.2,241.728,2.541,0.143,6.093
132,4.4,LOCK,True,True,653.081,510.462,651.104,509.08,323.782,252.828,2.413,0.179,3.535
133,4.433,LOCK,True,True,656.352,508.16,653.522,507.371,320.826,240.685,2.938,0.082,8.599
134,4.467,LOCK,True,True,659.639,505.88,656.679,505.584,324.429,236.5,2.975,0.083,5.153
135,4.5,LOCK,True,True,662.94,503.622,660.147,503.278,315.611,246.135,2.814,0.102,3.167
136,4.533,LOCK,True,True,666.257,501.386,663.744,500.475,334.024,246.391,2.673,0.086,4.218
137,4.567,LOCK,True,True,669.589,499.172,667.257,498.418,328.986,245.593,2.45,0.152,4.003
138,4.6,LOCK,True,True,672.935,496.981,670.775,496.162,321.304,235.996,2.31,0.118,4.167
139,4.633,LOCK,True,True,676.295,494.812,674.665,494.327,319.311,241.851,1.7,0.032,4.878
140,4.667,LOCK,True,True,679.671,492.665,678.179,492.586,321.96,240.284,1.494,0.145,4.706
141,4.7,LOCK,True,True,683.06,490.541,681.253,490.763,315.926,242.441,1.82,0.063,4.487
142,4.733,LOCK,True,True,686.463,488.439,683.814,488.602,319.325,251.146,2.654,0.089,5.498
143,4.767,LOCK,True,True,689.881,486.36,687.644,486.258,320.08,237.055,2.239,0.074,43.452
144,4.8,LOCK,True,True,693.312,484.304,691.266,484.05,323.505,237.891,2.062,0.132,3.194
145,4.833,LOCK,True,True,696.757,482.271,695.083,481.824,317.901,247.136,1.732,0.055,5.169
146,4.867,LOCK,True,True,700.215,480.261,697.847,480.235,333.874,232.056,2.368,0.136,3.108
147,4.9,LOCK,True,True,703.686,478.274,701.538,478.252,312.164,241.98,2.149,0.127,3.923
148,4.933,LOCK,True,True,707.171,476.31,705.086,475.851,332.306,234.863,2.134,0.026,3.86
149,4.967,LOCK,True,True,710.669,474.369,708.136,473.076,325.063,234.318,2.844,0.144,4.274
150,5.0,LOCK,True,True,714.179,472.452,711.814,470.892,329.327,248.695,2.834,0.199,6.456
151,5.033,LOCK,True,True,717.703,470.559,715.801,468.254,326.223,240.618,2.988,0.157,4.984
152,5.067,LOCK,True,True,721.239,468.688,719.145,465.845,325.99,232.154,3.532,0.239,4.333
153,5.1,LOCK,True,True,724.787,466.842,722.752,464.694,310.806,242.134,2.959,0.165,4.45
154,5.133,LOCK,True,True,728.347,465.019,726.568,463.486,310.336,251.139,2.349,0.083,3.187
155,5.167,LOCK,True,True,731.92,463.22,730.092,462.03,332.129,244.364,2.181,0.099,4.7
156,5.2,LOCK,True,True,735.504,461.444,734.058,460.674,326.487,243.305,1.639,0.143,3.891
157,5.233,LOCK,True,True,739.101,459.693,737.522,459.789,322.635,248.127,1.581,0.215,3.696
158,5.267,LOCK,True,True,742.708,457.966,740.778,458.382,326.443,233.142,1.974,0.13,4.152
159,5.3,LOCK,True,True,746.328,456.263,744.008,456.674,324.173,231.22,2.356,0.018,4.261
160,5.333,LOCK,True,True,749.958,454.584,747.951,455.114,312.695,251.641,2.076,0.199,2.722
161,5.367,LOCK,True,True,753.6,452.929,751.447,453.1,332.78,248.904,2.159,0.049,3.48
162,5.4,LOCK,True,True,757.252,451.298,755.235,451.488,310.087,234.758,2.027,0.018,4.263
163,5.433,LOCK,True,True,760.916,449.692,758.957,449.605,332.544,240.377,1.96,0.075,4.851
164,5.467,LOCK,True,True,764.59,448.111,762.392,447.948,324.321,240.537,2.204,0.07,4.848
165,5.5,LOCK,True,True,768.274,446.553,766.39,446.472,332.218,232.696,1.886,0.147,3.939
166,5.533,LOCK,True,True,771.969,445.021,769.907,445.261,333.053,248.39,2.076,0.134,3.938
167,5.567,LOCK,True,True,775.674,443.513,773.868,443.243,318.275,244.106,1.826,0.112,4.3
168,5.6,LOCK,True,True,779.389,442.03,777.903,441.7,318.716,246.076,1.522,0.114,6.158
169,5.633,LOCK,True,True,783.113,440.572,781.307,440.113,311.146,238.493,1.864,0.04,6.062
170,5.667,LOCK,True,True,786.848,439.138,785.245,438.114,330.963,246.336,1.902,0.117,3.186
171,5.7,LOCK,True,True,790.592,437.73,788.873,437.203,324.3,236.806,1.798,0.244,4.24
172,5.733,LOCK,True,True,794.345,436.346,792.405,435.175,315.828,246.958,2.266,0.177,5.095
173,5.767,LOCK,True,True,798.107,434.987,796.528,433.566,316.141,250.13,2.125,0.069,3.602
174,5.8,LOCK,True,True,801.878,433.654,799.795,432.581,315.415,244.226,2.343,0.085,3.815
175,5.833,LOCK,True,True,805.658,432.346,803.005,431.504,314.438,236.872,2.783,0.088,4.376
176,5.867,LOCK,True,True,809.447,431.063,806.339,429.908,334.532,246.952,3.315,0.127,4.029
177,5.9,LOCK,True,True,813.244,429.805,810.033,428.564,319.914,236.766,3.443,0.197,4.03
178,5.933,LOCK,True,True,817.049,428.573,813.231,428.324,320.677,250.387,3.826,0.088,15.347
179,5.967,LOCK,True,True,820.863,427.366,816.572,427.288,316.501,250.741,4.292,0.047,5.951
180,6.0,LOCK,True,True,824.684,426.184,820.187,425.595,335.5,229.375,4.536,0.134,7.817
181,6.033,LOCK,True,True,828.514,425.028,824.342,423.94,312.266,247.857,4.311,0.097,5.583
182,6.067,LOCK,True,True,832.351,423.898,828.51,422.317,331.311,237.145,4.153,0.198,3.681
183,6.1,LOCK,True,True,836.195,422.793,832.575,420.765,320.996,233.702,4.149,0.035,5.412
184,6.133,LOCK,True,True,840.047,421.714,836.003,419.785,323.081,252.395,4.48,0.077,4.506
185,6.167,LOCK,True,True,843.905,420.66,839.328,419.036,318.025,236.795,4.857,0.222,4.375
186,6.2,LOCK,True,True,847.771,419.633,844.115,418.168,333.695,245.456,3.939,0.187,3.479
187,6.233,LOCK,True,True,851.644,418.631,849.08,417.695,311.777,239.371,2.729,0.182,5.383
188,6.267,LOCK,True,True,855.523,417.654,853.614,417.037,309.892,239.079,2.006,0.21,5.135
189,6.3,LOCK,True,True,859.408,416.704,858.065,416.088,310.046,240.986,1.478,0.149,6.029
190,6.333,LOCK,True,True,863.3,415.78,861.414,415.004,317.728,240.889,2.039,0.173,5.401
191,6.367,LOCK,True,True,867.198,414.882,865.585,414.187,330.391,232.162,1.756,0.168,4.076
192,6.4,LOCK,True,True,871.101,414.009,869.287,413.424,328.89,252.421,1.906,0.156,5.466
193,6.433,LOCK,True,True,875.011,413.163,873.394,412.664,311.143,229.792,1.692,0.016,3.816
194,6.467,LOCK,True,True,878.926,412.343,877.397,412.066,319.942,238.395,1.554,0.153,4.816
195,6.5,LOCK,True,True,882.846,411.549,881.724,410.706,317.367,237.372,1.403,0.151,4.811
196,6.533,LOCK,True,True,886.772,410.781,885.859,410.028,320.767,248.349,1.183,0.13,4.195
197,6.567,LOCK,True,True,890.702,410.039,890.125,409.252,312.001,233.08,0.976,0.098,4.76
198,6.6,LOCK,True,True,894.638,409.323,893.547,409.07,313.629,240.072,1.12,0.178,4.921
199,6.633,LOCK,True,True,898.578,408.634,897.185,407.504,322.543,229.983,1.794,0.179,3.455
200,6.667,LOCK,True,True,902.523,407.971,901.313,407.247,314.481,232.775,1.41,0.117,4.259
201,6.7,LOCK,True,True,906.472,407.334,905.644,406.458,314.195,230.807,1.206,0.222,4.035
202,6.733,LOCK,True,True,910.425,406.724,909.019,406.266,313.005,239.094,1.479,0.071,7.437
203,6.767,LOCK,True,True,914.382,406.14,912.716,404.915,325.455,236.192,2.068,0.135,4.806
204,6.8,LOCK,True,True,918.343,405.583,916.224,403.753,321.2,233.912,2.8,0.062,5.113
205,6.833,LOCK,True,True,922.307,405.051,920.305,403.74,324.213,234.439,2.394,0.169,3.624
206,6.867,LOCK,True,True,926.275,404.547,923.935,404.028,317.736,241.576,2.397,0.003,3.636
207,6.9,LOCK,True,True,930.247,404.068,928.242,402.687,324.01,236.149,2.435,0.116,4.054
208,6.933,LOCK,True,True,934.221,403.617,932.626,402.525,319.023,252.635,1.933,0.053,4.054
209,6.967,LOCK,True,True,938.198,403.191,936.819,402.163,331.161,250.437,1.72,0.217,5.402
210,7.0,LOCK,True,True,942.179,402.793,940.734,401.358,330.425,244.105,2.036,0.086,3.804
211,7.033,LOCK,True,True,946.161,402.42,945.254,401.929,317.935,249.712,1.032,0.195,3.653
212,7.067,LOCK,True,True,950.146,402.075,949.229,401.691,332.273,233.043,0.994,0.16,4.914
213,7.1,LOCK,True,True,954.133,401.756,953.319,401.864,311.48,228.181,0.822,0.057,10.385
214,7.133,LOCK,True,True,958.123,401.463,957.467,401.3,309.199,242.574,0.675,0.143,3.853
215,7.167,LOCK,True,True,962.114,401.197,960.933,401.256,324.275,249.588,1.182,0.096,4.111
216,7.2,LOCK,True,True,966.107,400.958,964.923,400.386,332.2,239.315,1.314,0.298,4.542
217,7.233,LOCK,True,True,970.101,400.745,968.293,399.768,316.748,239.772,2.055,0.227,3.972
218,7.267,LOCK,True,True,974.097,400.559,972.029,399.808,313.208,228.838,2.2,0.083,4.122
219,7.3,LOCK,True,True,978.094,400.4,975.791,399.961,324.699,238.066,2.344,0.062,4.287
220,7.333,LOCK,True,True,982.091,400.267,979.582,398.984,334.459,235.2,2.818,0.058,4.71
221,7.367,LOCK,True,True,986.09,400.161,983.736,398.203,329.413,243.911,3.062,0.081,4.284
222,7.4,LOCK,True,True,990.089,400.082,987.041,398.359,319.157,248.98,3.501,0.153,4.053
223,7.433,LOCK,True,True,994.089,400.029,991.773,398.227,326.056,229.939,2.934,0.091,4.089
224,7.467,LOCK,True,True,998.089,400.003,996.516,398.507,321.692,252.844,2.17,0.127,5.277
225,7.5,LOCK,True,True,1002.089,400.004,1000.835,398.481,322.749,245.041,1.973,0.129,3.95
226,7.533,LOCK,True,True,1006.089,400.031,1004.904,398.966,324.89,243.764,1.593,0.043,3.286
227,7.567,LOCK,True,True,1010.088,400.085,1008.995,399.364,325.917,237.435,1.309,0.069,4.57
228,7.6,LOCK,True,True,1014.087,400.165,1012.663,399.218,316.34,243.655,1.711,0.107,5.299
229,7.633,LOCK,True,True,1018.086,400.273,1016.906,398.859,324.536,241.846,1.841,0.058,4.537
230,7.667,LOCK,True,True,1022.084,400.407,1021.43,399.842,316.176,229.771,0.864,0.172,3.607
231,7.7,LOCK,True,True,1026.08,400.567,1025.031,399.943,316.369,252.212,1.222,0.153,4.213
232,7.733,LOCK,True,True,1030.076,400.754,1028.318,401.123,329.247,231.447,1.796,0.107,4.761
233,7.767,LOCK,True,True,1034.07,400.968,1032.548,401.762,323.704,245.963,1.716,0.123,3.867
234,7.8,LOCK,True,True,1038.063,401.209,1036.33,402.443,329.628,230.137,2.128,0.1,4.51
235,7.833,LOCK,True,True,1042.054,401.476,1040.454,402.572,332.152,245.602,1.94,0.035,3.515
236,7.867,LOCK,True,True,1046.043,401.769,1044.302,402.8,332.621,237.647,2.023,0.218,6.463
237,7.9,LOCK,True,True,1050.031,402.09,1048.561,402.515,329.623,249.983,1.53,0.076,7.36
238,7.933,LOCK,True,True,1054.015,402.436,1053.526,402.43,318.34,249.049,0.489,0.044,6.345
239,7.967,LOCK,True,True,1057.998,402.81,1057.843,402.267,324.86,237.892,0.564,0.033,4.495
240,8.0,LOCK,True,True,1061.978,403.21,1062.373,401.564,316.885,241.95,1.692,0.245,7.92
241,8.033,LOCK,True,True,1065.955,403.636,1066.206,401.479,314.562,234.666,2.172,0.082,6.949
242,8.067,LOCK,True,True,1069.929,404.089,1070.092,402.329,316.824,233.475,1.768,0.078,9.951
243,8.1,LOCK,True,True,1073.901,404.568,1074.222,402.731,326.978,249.097,1.865,0.131,7.032
244,8.133,LOCK,True,True,1077.868,405.074,1078.61,404.214,315.973,245.797,1.136,0.163,7.233
245,8.167,LOCK,True,True,1081.833,405.607,1082.353,404.964,321.2,230.68,0.827,0.171,4.453
246,8.2,LOCK,True,True,1085.794,406.165,1083.654,407.082,315.638,251.086,2.328,0.081,4.39
247,8.233,LOCK,True,True,1089.751,406.751,1087.863,407.546,329.464,238.381,2.049,0.052,4.303
248,8.267,LOCK,True,True,1093.704,407.362,1091.039,408.284,312.111,237.905,2.819,0.104,4.875
249,8.3,LOCK,True,True,1097.652,408.0,1095.667,408.86,315.952,243.205,2.164,0.307,4.688
250,8.333,LOCK,True,True,1101.597,408.664,1099.872,409.379,324.256,246.214,1.867,0.17,4.538
251,8.367,LOCK,True,True,1105.537,409.355,1103.957,409.362,321.518,231.153,1.58,0.191,5.007
252,8.4,LOCK,True,True,1109.472,410.071,1108.495,409.778,309.957,247.681,1.02,0.121,5.327
253,8.433,LOCK,True,True,1113.402,410.814,1113.052,410.406,326.747,235.857,0.538,0.068,4.399
254,8.467,LOCK,True,True,1117.328,411.583,1116.96,410.781,328.517,250.519,0.883,0.016,8.668
255,8.5,LOCK,True,True,1121.248,412.379,1120.99,412.964,327.53,237.116,0.639,0.121,5.339
256,8.533,LOCK,True,True,1125.163,413.2,1124.938,413.696,312.846,239.075,0.545,0.11,9.899
257,8.567,LOCK,True,True,1129.072,414.047,1128.739,413.523,323.15,231.34,0.621,0.037,4.822
258,8.6,LOCK,True,True,1132.975,414.921,1131.943,414.635,326.999,228.989,1.071,0.115,6.11
259,8.633,LOCK,True,True,1136.873,415.82,1135.324,414.586,316.085,250.689,1.981,0.142,6.596
260,8.667,LOCK,True,True,1140.764,416.746,1138.988,415.84,332.087,249.085,1.994,0.167,6.056
261,8.7,LOCK,True,True,1144.65,417.697,1142.996,417.338,318.912,234.441,1.693,0.244,5.351
262,8.733,LOCK,True,True,1148.528,418.674,1147.281,418.128,318.213,233.126,1.362,0.134,5.607
263,8.767,LOCK,True,True,1152.4,419.678,1150.214,419.097,331.865,230.874,2.262,0.072,4.862
264,8.8,LOCK,True,True,1156.266,420.706,1154.53,420.017,313.001,245.105,1.867,0.127,4.625
265,8.833,LOCK,True,True,1160.124,421.761,1159.159,420.595,316.394,248.835,1.515,0.132,4.957
266,8.867,LOCK,True,True,1163.976,422.841,1162.825,421.622,331.258,237.861,1.677,0.112,6.039
267,8.9,LOCK,True,True,1167.82,423.947,1166.416,423.552,333.045,232.792,1.458,0.039,5.054
268,8.933,LOCK,True,True,1171.656,425.079,1169.904,425.09,312.002,229.914,1.752,0.056,4.221
269,8.967,LOCK,True,True,1175.485,426.236,1173.442,426.705,331.074,243.503,2.096,0.166,3.988
270,9.0,LOCK,True,True,1179.306,427.419,1177.396,427.72,314.079,235.159,1.934,0.02,6.612
271,9.033,LOCK,True,True,1183.12,428.627,1182.207,428.671,329.129,237.8,0.914,0.149,4.431
272,9.067,LOCK,True,True,1186.925,429.86,1186.352,430.477,313.301,232.203,0.842,0.054,4.512
273,9.1,LOCK,True,True,1190.721,431.119,1189.429,431.418,310.809,235.847,1.327,0.051,4.249
274,9.133,LOCK,True,True,1194.51,432.403,1192.951,432.087,309.824,242.748,1.591,0.01,5.021
275,9.167,LOCK,True,True,1198.289,433.713,1196.568,433.262,329.827,234.607,1.779,0.181,7.172
276,9.2,LOCK,True,True,1202.06,435.047,1199.601,433.486,326.011,232.468,2.913,0.072,4.814
277,9.233,LOCK,True,True,1205.822,436.407,1203.031,434.53,328.991,239.79,3.363,0.205,4.365
278,9.267,LOCK,True,True,1209.575,437.791,1208.14,436.342,321.297,246.35,2.039,0.131,3.653
279,9.3,LOCK,True,True,1213.318,439.201,1212.89,438.099,329.337,244.553,1.183,0.099,7.336
280,9.333,LOCK,True,True,1217.052,440.636,1217.21,439.53,319.214,244.786,1.117,0.025,6.178
281,9.367,LOCK,True,True,1220.776,442.095,1220.365,440.589,314.172,233.739,1.561,0.05,10.996
282,9.4,LOCK,True,True,1224.491,443.579,1224.155,442.379,325.58,230.37,1.247,0.052,8.123
283,9.433,LOCK,True,True,1228.195,445.088,1227.296,444.117,329.361,237.682,1.323,0.005,10.579
284,9.467,LOCK,True,True,1231.889,446.622,1231.616,446.655,316.047,229.527,0.276,0.118,15.397
285,9.5,LOCK,True,True,1235.573,448.18,1234.896,448.927,327.832,243.547,1.009,0.114,8.854
286,9.533,LOCK,True,True,1239.247,449.763,1238.968,450.352,314.351,242.741,0.652,0.004,9.821
287,9.567,LOCK,True,True,1242.91,451.37,1242.681,451.858,310.495,229.969,0.539,0.151,7.604
288,9.6,LOCK,True,True,1246.562,453.002,1246.762,453.322,317.546,236.046,0.378,0.163,9.597
289,9.633,LOCK,True,True,1250.203,454.658,1250.39,454.704,311.762,243.368,0.193,0.103,6.742
290,9.667,LOCK,True,True,1253.833,456.338,1253.25,455.918,318.581,240.595,0.719,0.158,8.305
291,9.7,LOCK,True,True,1257.452,458.042,1256.874,457.21,309.729,242.7,1.013,0.071,8.903
292,9.733,LOCK,True,True,1261.059,459.77,1260.344,459.11,331.898,249.245,0.973,0.05,7.575
293,9.767,LOCK,True,True,1264.655,461.523,1263.633,460.312,323.98,230.482,1.584,0.117,12.559
294,9.8,LOCK,True,True,1268.239,463.299,1267.361,461.903,312.223,236.512,1.649,0.105,6.176
295,9.833,LOCK,True,True,1271.811,465.099,1270.316,464.512,314.139,245.457,1.606,0.195,2.907
296,9.867,LOCK,True,True,1275.371,466.923,1274.009,465.735,313.612,235.0,1.808,0.104,6.131
297,9.9,LOCK,True,True,1278.918,468.771,1276.916,468.27,330.515,237.957,2.064,0.154,4.105
298,9.933,LOCK,True,True,1282.454,470.642,1279.643,470.023,332.441,240.955,2.878,0.081,9.48
299,9.967,LOCK,True,True,1285.977,472.537,1282.339,472.423,315.052,236.831,3.639,0.177,5.521
300,10.0,LOCK,True,True,1289.487,474.455,1284.869,474.457,316.094,245.31,4.618,0.179,7.029
301,10.033,LOCK,True,True,1292.984,476.397,1287.964,476.692,336.25,233.848,5.028,0.22,7.578
302,10.067,LOCK,True,True,1296.468,478.361,1292.2,477.882,335.142,246.017,4.295,0.129,6.127
303,10.1,LOCK,True,True,1299.939,480.349,1295.723,478.608,315.165,245.484,4.561,0.042,8.714
304,10.133,LOCK,True,True,1303.397,482.361,1299.259,480.306,333.008,242.423,4.619,0.115,5.499
305,10.167,LOCK,True,True,1306.841,484.395,1303.567,482.728,334.82,249.447,3.674,0.049,10.018
306,10.2,LOCK,True,True,1310.271,486.452,1308.86,485.043,315.049,245.772,1.994,0.173,7.773
307,10.233,LOCK,True,True,1313.688,488.532,1313.381,487.553,314.335,240.576,1.025,0.041,9.453
308,10.267,LOCK,True,True,1317.091,490.634,1317.058,490.136,309.671,239.184,0.499,0.056,9.599
309,10.3,LOCK,True,True,1320.479,492.759,1320.847,492.111,313.848,246.298,0.745,0.189,6.369
310,10.333,LOCK,True,True,1323.854,494.907,1323.195,493.987,315.84,231.086,1.132,0.157,5.472
311,10.367,LOCK,True,True,1327.214,497.078,1325.932,496.074,331.29,245.996,1.628,0.085,7.549
312,10.4,LOCK,True,True,1330.559,499.27,1329.195,498.605,316.521,230.221,1.518,0.021,6.8
313,10.433,LOCK,True,True,1333.89,501.485,1332.109,501.214,327.874,240.538,1.801,0.14,5.479
314,10.467,LOCK,True,True,1337.206,503.722,1335.282,503.383,311.036,245.441,1.954,0.176,3.51
315,10.5,LOCK,True,True,1340.507,505.981,1338.532,505.612,316.01,241.913,2.01,0.105,3.387
316,10.533,LOCK,True,True,1343.793,508.262,1341.825,507.785,312.216,232.956,2.025,0.194,3.985
317,10.567,LOCK,True,True,1347.064,510.565,1345.22,510.87,325.791,243.503,1.868,0.017,5.224
318,10.6,LOCK,True,True,1350.319,512.889,1348.415,512.964,314.845,250.747,1.906,0.222,2.936
319,10.633,LOCK,True,True,1353.559,515.236,1352.072,514.896,329.892,250.622,1.525,0.147,3.653
320,10.667,LOCK,True,True,1356.782,517.604,1356.093,517.0,317.345,242.056,0.916,0.101,36.464
321,10.7,LOCK,True,True,1359.99,519.993,1360.015,519.93,322.434,237.734,0.067,0.07,4.539
322,10.733,LOCK,True,True,1363.182,522.403,1363.112,522.719,325.059,238.363,0.324,0.108,4.087
323,10.767,LOCK,True,True,1366.358,524.835,1366.334,525.439,319.659,234.164,0.604,0.17,4.859
324,10.8,LOCK,True,True,1369.518,527.288,1369.274,527.822,318.922,250.528,0.587,0.051,4.645
325,10.833,LOCK,True,True,1372.661,529.762,1372.538,530.362,316.016,247.521,0.612,0.231,13.109
326,10.867,LOCK,True,True,1375.788,532.257,1374.926,532.703,313.401,244.798,0.971,0.032,4.513
327,10.9,LOCK,True,True,1378.898,534.773,1378.265,535.461,323.123,231.677,0.935,0.168,4.967
328,10.933,LOCK,True,True,1381.991,537.309,1381.707,537.895,322.163,245.49,0.651,0.121,9.687
329,10.967,LOCK,True,True,1385.067,539.866,1385.097,539.484,316.867,240.205,0.383,0.036,5.888
330,11.0,LOCK,True,True,1388.126,542.443,1387.052,541.779,309.699,251.428,1.262,0.052,2.869
331,11.033,LOCK,True,True,1391.168,545.041,1389.286,544.35,316.892,237.842,2.004,0.104,3.145
332,11.067,LOCK,True,True,1394.192,547.659,1391.695,546.015,328.749,236.986,2.989,0.109,5.691
333,11.1,LOCK,True,True,1397.199,550.297,1394.656,548.168,320.791,244.863,3.316,0.028,3.925
334,11.133,LOCK,True,True,1400.188,552.955,1397.621,551.482,318.857,250.118,2.96,0.225,3.417
335,11.167,LOCK,True,True,1403.159,555.632,1400.918,553.706,324.723,248.563,2.955,0.162,3.864
336,11.2,LOCK,True,True,1406.113,558.33,1405.088,556.8,328.836,246.236,1.842,0.071,3.688
337,11.233,LOCK,True,True,1409.048,561.047,1408.524,559.272,319.391,231.379,1.851,0.188,3.489
338,11.267,LOCK,True,True,1411.965,563.784,1411.448,562.108,318.763,252.633,1.754,0.04,5.552
339,11.3,LOCK,True,True,1414.864,566.54,1414.551,565.417,309.837,230.58,1.166,0.092,3.867
340,11.333,LOCK,True,True,1417.745,569.315,1418.085,569.236,322.462,231.347,0.35,0.113,4.088
341,11.367,LOCK,True,True,1420.607,572.11,1420.558,572.517,312.645,233.497,0.41,0.012,3.966
342,11.4,LOCK,True,True,1423.45,574.923,1422.527,574.827,321.99,228.223,0.928,0.216,3.974
343,11.433,LOCK,True,True,1426.274,577.756,1424.573,577.442,320.035,230.402,1.73,0.107,3.403
344,11.467,LOCK,True,True,1429.08,580.607,1427.324,580.175,319.932,240.745,1.808,0.046,3.711
345,11.5,LOCK,True,True,1431.866,583.477,1429.785,582.653,327.006,234.952,2.238,0.105,8.592
346,11.533,LOCK,True,True,1434.633,586.365,1432.944,586.221,332.967,234.046,1.696,0.146,2.649
347,11.567,LOCK,True,True,1437.381,589.272,1435.681,589.279,312.542,233.713,1.7,0.109,4.737
348,11.6,LOCK,True,True,1440.11,592.197,1438.879,592.081,325.416,248.342,1.236,0.045,5.156
349,11.633,LOCK,True,True,1442.819,595.14,1440.869,594.86,317.863,249.539,1.97,0.052,2.823
350,11.667,LOCK,True,True,1445.508,598.101,1444.344,597.557,320.363,246.112,1.285,0.106,3.334
351,11.7,LOCK,True,True,1448.177,601.08,1446.839,601.272,331.7,247.063,1.352,0.06,3.815
352,11.733,LOCK,True,True,1450.827,604.077,1449.404,604.541,328.123,250.629,1.497,0.258,4.484
353,11.767,LOCK,True,True,1453.456,607.091,1452.078,607.479,318.927,241.537,1.432,0.084,3.409
354,11.8,LOCK,True,True,1456.066,610.123,1454.623,610.006,332.953,240.316,1.447,0.076,4.835
355,11.833,LOCK,True,True,1458.655,613.172,1456.939,612.354,324.19,235.919,1.9,0.139,3.917
356,11.867,LOCK,True,True,1461.223,616.238,1460.011,615.224,326.95,234.841,1.58,0.107,3.794
357,11.9,LOCK,True,True,1463.771,619.321,1463.818,617.906,327.807,252.404,1.416,0.1,2.965
358,11.933,LOCK,True,True,1466.299,622.422,1466.338,620.94,309.716,245.757,1.483,0.067,6.215
359,11.967,LOCK,True,True,1468.806,625.539,1469.245,624.788,307.952,236.559,0.869,0.188,4.607
360,12.0,LOCK,True,True,1471.292,628.672,1472.327,628.031,319.128,231.785,1.218,0.082,3.16
361,12.033,LOCK,True,True,1473.757,631.823,1475.358,632.064,310.449,245.315,1.62,0.02,3.22
362,12.067,LOCK,True,True,1476.201,634.989,1477.84,635.848,321.115,242.191,1.851,0.081,3.066
363,12.1,LOCK,True,True,1478.623,638.172,1481.049,639.104,328.932,249.693,2.598,0.091,4.739
364,12.133,LOCK,True,True,1481.025,641.371,1483.426,642.884,305.844,240.166,2.838,0.114,3.682
365,12.167,LOCK,True,True,1483.405,644.585,1485.27,645.494,313.73,231.658,2.074,0.125,3.587
366,12.2,LOCK,True,True,1485.764,647.816,1485.926,648.151,323.427,236.943,0.372,0.122,3.288
367,12.233,LOCK,True,True,1488.101,651.062,1488.889,650.931,310.036,251.117,0.799,0.144,3.865
368,12.267,LOCK,True,True,1490.416,654.324,1490.489,654.359,309.004,243.781,0.081,0.191,3.571
369,12.3,LOCK,True,True,1492.71,657.601,1492.123,657.817,320.338,231.857,0.626,0.178,4.209
370,12.333,LOCK,True,True,1494.982,660.893,1494.133,661.616,310.468,249.884,1.114,0.017,4.18
371,12.367,LOCK,True,True,1497.231,664.201,1496.527,665.119,321.371,233.067,1.157,0.118,4.135
372,12.4,LOCK,True,True,1499.459,667.523,1498.485,668.311,332.027,247.008,1.252,0.211,3.944
373,12.433,LOCK,True,True,1501.664,670.86,1501.156,671.616,312.997,247.36,0.911,0.166,3.79
374,12.467,LOCK,True,True,1503.847,674.212,1503.623,673.555,326.476,237.144,0.694,0.121,3.458
375,12.5,LOCK,True,True,1506.008,677.578,1505.815,676.679,313.208,236.068,0.92,0.079,3.65
376,12.533,LOCK,True,True,1508.146,680.959,1508.066,680.176,317.309,244.947,0.786,0.067,4.232
377,12.567,LOCK,True,True,1510.262,684.353,1510.333,683.147,320.751,239.649,1.209,0.053,3.969
378,12.6,LOCK,True,True,1512.355,687.762,1512.885,685.531,323.036,247.911,2.293,0.055,3.641
379,12.633,LOCK,True,True,1514.425,691.185,1514.561,689.124,314.736,238.474,2.066,0.088,3.68
380,12.667,LOCK,True,True,1516.472,694.621,1517.065,692.856,317.909,250.299,1.861,0.127,3.686
381,12.7,LOCK,True,True,1518.497,698.071,1517.843,696.655,309.912,233.317,1.559,0.079,4.309
382,12.733,LOCK,True,True,1520.498,701.534,1519.258,699.766,316.802,230.904,2.16,0.159,4.751
383,12.767,LOCK,True,True,1522.476,705.011,1520.776,703.909,315.723,236.36,2.026,0.019,4.046
384,12.8,LOCK,True,True,1524.431,708.501,1523.02,708.12,312.936,241.823,1.462,0.054,3.593
385,12.833,LOCK,True,True,1526.363,712.003,1525.039,712.446,320.955,229.386,1.396,0.08,5.694
386,12.867,LOCK,True,True,1528.271,715.519,1527.269,715.875,324.569,247.713,1.064,0.172,4.675
387,12.9,LOCK,True,True,1530.156,719.047,1528.877,719.465,329.228,238.938,1.346,0.079,3.822
388,12.933,LOCK,True,True,1532.017,722.587,1530.512,722.924,319.094,243.074,1.542,0.236,3.687
389,12.967,LOCK,True,True,1533.855,726.14,1532.558,726.42,319.025,230.076,1.326,0.163,3.902
390,13.0,LOCK,True,True,1535.669,729.705,1534.29,730.143,322.363,242.93,1.447,0.208,3.604
391,13.033,LOCK,True,True,1537.459,733.283,1537.154,732.872,328.752,238.51,0.511,0.09,4.155
392,13.067,LOCK,True,True,1539.225,736.871,1538.978,735.862,309.879,237.721,1.04,0.102,4.48
393,13.1,LOCK,True,True,1540.967,740.472,1541.184,739.872,328.865,240.974,0.639,0.115,6.347
394,13.133,LOCK,True,True,1542.685,744.084,1543.246,743.503,328.488,250.635,0.808,0.142,6.084
395,13.167,LOCK,True,True,1544.379,747.708,1542.917,746.859,332.034,228.848,1.69,0.058,6.811
396,13.2,LOCK,True,True,1546.049,751.343,1544.069,750.755,320.184,236.809,2.066,0.134,6.61
397,13.233,LOCK,True,True,1547.695,754.988,1545.555,754.46,332.897,238.256,2.204,0.107,8.074
398,13.267,LOCK,True,True,1549.316,758.645,1548.147,757.867,319.42,229.886,1.404,0.009,6.559
399,13.3,LOCK,True,True,1550.913,762.313,1550.443,761.64,331.941,246.777,0.82,0.096,6.264
400,13.333,LOCK,True,True,1552.485,765.991,1551.819,765.996,313.059,237.747,0.666,0.215,4.237
401,13.367,LOCK,True,True,1554.033,769.679,1553.534,769.463,329.257,251.014,0.543,0.075,3.631
402,13.4,LOCK,True,True,1555.556,773.378,1555.084,772.983,320.32,249.282,0.615,0.111,4.053
403,13.433,LOCK,True,True,1557.054,777.086,1557.075,776.502,316.591,234.448,0.585,0.11,3.426
404,13.467,LOCK,True,True,1558.528,780.805,1558.436,779.938,313.671,231.951,0.872,0.032,3.772
405,13.5,LOCK,True,True,1559.977,784.533,1559.696,783.444,319.981,231.555,1.125,0.021,3.891
406,13.533,LOCK,True,True,1561.401,788.271,1560.694,787.266,331.94,243.715,1.229,0.134,3.812
407,13.567,LOCK,True,True,1562.8,792.019,1562.121,790.782,316.526,245.549,1.41,0.071,5.697
408,13.6,LOCK,True,True,1564.174,795.775,1563.554,794.566,316.161,245.282,1.359,0.097,7.641
409,13.633,LOCK,True,True,1565.523,799.541,1564.599,798.733,310.708,232.061,1.227,0.072,4.362
410,13.667,LOCK,True,True,1566.847,803.316,1565.721,801.87,323.075,238.165,1.833,0.066,7.898
411,13.7,LOCK,True,True,1568.145,807.099,1566.955,805.699,311.13,236.674,1.837,0.217,6.796
412,13.733,LOCK,True,True,1569.419,810.891,1568.024,810.599,327.676,239.665,1.425,0.097,7.459
413,13.767,LOCK,True,True,1570.667,814.691,1569.667,814.534,317.783,244.18,1.012,0.25,4.275
414,13.8,LOCK,True,True,1571.889,818.5,1571.314,817.803,325.864,245.185,0.903,0.043,3.817
415,13.833,LOCK,True,True,1573.087,822.316,1572.214,821.327,332.493,230.097,1.319,0.067,3.949
416,13.867,LOCK,True,True,1574.259,826.141,1572.663,824.613,320.236,248.198,2.209,0.232,4.155
417,13.9,LOCK,True,True,1575.405,829.973,1573.054,828.606,315.369,235.0,2.719,0.087,3.678
418,13.933,LOCK,True,True,1576.526,833.813,1573.703,831.81,327.1,239.88,3.461,0.065,3.378
419,13.967,LOCK,True,True,1577.621,837.66,1574.766,834.854,330.943,235.15,4.003,0.113,4.144
420,14.0,LOCK,True,True,1578.69,841.514,1576.055,839.988,332.975,237.031,3.046,0.13,6.792
421,14.033,LOCK,True,True,1579.734,845.376,1576.997,843.4,324.804,232.374,3.375,0.068,3.437
422,14.067,LOCK,True,True,1580.752,849.244,1578.205,848.498,326.841,251.723,2.654,0.028,5.23
423,14.1,LOCK,True,True,1581.744,853.119,1579.141,852.242,320.865,250.13,2.746,0.141,4.282
424,14.133,LOCK,True,True,1582.71,857.0,1580.28,856.36,315.157,235.082,2.514,0.128,3.688
425,14.167,LOCK,True,True,1583.651,860.888,1581.062,861.196,317.868,236.412,2.607,0.103,4.239
426,14.2,LOCK,True,True,1584.565,864.782,1582.868,865.461,328.646,230.046,1.828,0.174,4.936
427,14.233,LOCK,True,True,1585.453,868.683,1584.268,869.999,311.153,242.712,1.772,0.082,3.634
428,14.267,LOCK,True,True,1586.316,872.588,1585.245,872.829,315.253,241.878,1.098,0.329,4.997
429,14.3,LOCK,True,True,1587.152,876.5,1585.171,876.72,321.853,244.733,1.993,0.191,5.621
430,14.333,LOCK,True,True,1587.963,880.417,1586.036,881.071,320.19,244.651,2.034,0.161,5.958
431,14.367,LOCK,True,True,1588.747,884.339,1587.143,884.92,330.866,230.082,1.705,0.129,4.881
432,14.4,LOCK,True,True,1589.505,888.267,1588.066,887.813,324.208,234.817,1.509,0.218,3.786
433,14.433,LOCK,True,True,1590.236,892.199,1588.834,891.474,311.014,251.888,1.579,0.101,4.441
434,14.467,LOCK,True,True,1590.942,896.137,1590.008,895.614,323.013,233.365,1.07,0.041,4.118
435,14.5,LOCK,True,True,1591.621,900.079,1590.363,899.232,319.206,248.961,1.517,0.162,4.558
436,14.533,LOCK,True,True,1592.274,904.025,1591.096,903.724,314.958,237.128,1.216,0.084,4.327
437,14.567,LOCK,True,True,1592.901,907.976,1592.135,907.411,325.987,234.047,0.951,0.205,4.528
438,14.6,LOCK,True,True,1593.501,911.93,1593.098,912.007,322.154,237.708,0.411,0.127,4.44
439,14.633,LOCK,True,True,1594.075,915.889,1593.238,916.483,317.876,240.45,1.026,0.141,8.952
440,14.667,LOCK,True,True,1594.623,919.851,1593.713,920.835,318.075,228.235,1.34,0.094,7.133
441,14.7,LOCK,True,True,1595.144,923.817,1594.03,924.457,326.86,235.399,1.284,0.133,3.194
442,14.733,LOCK,True,True,1595.638,927.786,1594.896,927.869,325.348,228.821,0.747,0.209,4.287
443,14.767,LOCK,True,True,1596.107,931.759,1595.056,931.658,309.777,245.817,1.055,0.152,7.029
444,14.8,LOCK,True,True,1596.548,935.734,1595.66,936.454,331.418,243.451,1.143,0.035,6.838
445,14.833,LOCK,True,True,1596.964,939.713,1596.695,940.015,314.199,236.583,0.404,0.109,7.581
446,14.867,LOCK,True,True,1597.352,943.694,1597.982,943.792,327.192,230.48,0.637,0.154,7.573
447,14.9,LOCK,True,True,1597.714,947.677,1598.183,947.689,316.988,241.556,0.469,0.116,7.805
448,14.933,LOCK,True,True,1598.05,951.663,1598.696,950.939,320.699,244.391,0.971,0.14,8.047
449,14.967,LOCK,True,True,1598.359,955.651,1598.585,954.372,314.071,250.493,1.299,0.217,8.409
450,15.0,LOCK,True,True,1598.641,959.641,1598.266,958.521,327.794,251.911,1.181,0.151,8.492
451,15.033,LOCK,True,True,1598.897,963.633,1598.428,962.813,329.402,233.706,0.945,0.17,11.323
452,15.067,LOCK,True,True,1599.126,967.627,1598.366,967.107,332.682,245.87,0.92,0.093,10.833
453,15.1,LOCK,True,True,1599.329,971.621,1598.929,971.47,316.579,251.16,0.427,0.052,7.957
454,15.133,LOCK,True,True,1599.504,975.618,1598.383,975.313,313.836,245.495,1.162,0.022,4.672
455,15.167,LOCK,True,True,1599.654,979.615,1598.483,979.483,314.192,250.823,1.178,0.084,4.689
456,15.2,LOCK,True,True,1599.776,983.613,1599.5,983.815,320.657,235.843,0.342,0.147,4.702
457,15.233,LOCK,True,True,1599.872,987.612,1599.358,988.427,311.671,239.285,0.963,0.073,8.75
458,15.267,LOCK,True,True,1599.941,991.611,1599.62,991.984,328.358,232.782,0.492,0.167,5.477
459,15.3,LOCK,True,True,1599.984,995.611,1599.793,995.96,318.298,244.805,0.397,0.149,5.423
460,15.333,LOCK,True,True,1600.0,999.611,1600.055,999.943,312.484,243.78,0.337,0.213,6.029
461,15.367,LOCK,True,True,1599.989,1003.611,1599.87,1003.692,324.802,229.979,0.144,0.16,6.96
462,15.4,LOCK,True,True,1599.952,1007.611,1599.74,1007.166,328.296,228.811,0.493,0.114,5.402
463,15.433,LOCK,True,True,1599.888,1011.61,1599.508,1010.643,313.345,248.541,1.039,0.036,4.162
464,15.467,LOCK,True,True,1599.797,1015.609,1598.722,1014.408,329.804,240.35,1.612,0.2,4.935
465,15.5,LOCK,True,True,1599.68,1019.607,1599.486,1019.159,312.255,230.875,0.489,0.216,5.838
466,15.533,LOCK,True,True,1599.535,1023.605,1600.431,1023.43,308.091,251.508,0.912,0.085,4.575
467,15.567,LOCK,True,True,1599.365,1027.601,1600.241,1028.685,328.731,230.427,1.393,0.144,5.514
468,15.6,LOCK,True,True,1599.167,1031.596,1599.418,1031.47,324.184,249.629,0.281,0.182,9.549
469,15.633,LOCK,True,True,1598.944,1035.59,1598.613,1034.627,331.569,235.204,1.018,0.206,9.059
470,15.667,LOCK,True,True,1598.693,1039.582,1597.616,1037.965,319.203,246.221,1.943,0.159,7.62
471,15.7,LOCK,True,True,1598.416,1043.572,1597.305,1042.642,318.989,229.571,1.449,0.146,7.856
472,15.733,LOCK,True,True,1598.112,1047.561,1596.912,1047.991,318.635,246.621,1.275,0.08,13.088
473,15.767,LOCK,True,True,1597.782,1051.547,1596.249,1050.685,330.251,241.001,1.758,0.014,3.329
474,15.8,LOCK,True,True,1597.425,1055.531,1596.577,1055.067,323.819,238.161,0.967,0.089,3.151
475,15.833,LOCK,True,True,1597.041,1059.513,1596.152,1059.671,330.73,249.131,0.903,0.092,4.039
476,15.867,LOCK,True,True,1596.631,1063.492,1596.491,1063.815,320.057,249.709,0.353,0.115,3.178
477,15.9,LOCK,True,True,1596.195,1067.468,1596.276,1068.72,309.276,230.598,1.255,0.091,3.964
478,15.933,LOCK,True,True,1595.732,1071.441,1594.998,1071.38,330.216,232.24,0.737,0.077,4.134
479,15.967,LOCK,True,True,1595.242,1075.411,1595.752,1075.079,322.678,231.87,0.608,0.037,17.426
480,16.0,LOCK,True,True,1594.726,1079.377,1595.958,1079.311,307.899,233.161,1.234,0.103,3.568
481,16.033,LOCK,True,True,1594.184,1083.341,1596.089,1083.104,315.837,246.142,1.92,0.141,3.172
482,16.067,LOCK,True,True,1593.615,1087.3,1596.166,1087.475,325.016,238.02,2.557,0.112,4.983
483,16.1,LOCK,True,True,1593.02,1091.255,1595.129,1091.81,329.494,241.099,2.181,0.084,3.929
484,16.133,LOCK,True,True,1592.398,1095.207,1594.576,1096.322,314.11,230.004,2.446,0.127,3.459
485,16.167,LOCK,True,True,1591.75,1099.154,1593.338,1100.082,329.887,230.936,1.839,0.183,3.305
486,16.2,LOCK,True,True,1591.076,1103.097,1590.53,1103.661,328.684,250.142,0.785,0.196,5.406
487,16.233,LOCK,True,True,1590.376,1107.035,1589.525,1107.041,328.317,246.537,0.851,0.089,3.164
488,16.267,LOCK,True,True,1589.649,1110.968,1588.506,1111.265,314.981,241.007,1.181,0.142,4.043
489,16.3,LOCK,True,True,1588.896,1114.897,1587.815,1114.645,320.11,246.044,1.11,0.154,5.833
490,16.333,LOCK,True,True,1588.117,1118.82,1586.794,1118.032,324.367,241.957,1.54,0.09,8.477
491,16.367,LOCK,True,True,1587.312,1122.738,1586.154,1121.346,312.196,232.669,1.811,0.06,4.504
492,16.4,LOCK,True,True,1586.481,1126.651,1585.104,1125.695,321.811,237.357,1.676,0.103,4.847
493,16.433,LOCK,True,True,1585.623,1130.558,1584.593,1130.096,313.869,241.316,1.129,0.065,3.589
494,16.467,LOCK,True,True,1584.74,1134.459,1584.306,1134.441,329.389,240.465,0.434,0.028,3.405
495,16.5,LOCK,True,True,1583.83,1138.354,1583.992,1138.416,318.976,249.293,0.173,0.22,12.033
496,16.533,LOCK,True,True,1582.895,1142.244,1583.428,1142.786,319.422,240.958,0.76,0.195,12.169
497,16.567,LOCK,True,True,1581.934,1146.126,1582.518,1147.164,319.534,249.066,1.191,0.1,7.005
498,16.6,LOCK,True,True,1580.947,1150.003,1581.017,1151.558,312.853,244.2,1.557,0.292,9.821
499,16.633,LOCK,True,True,1579.934,1153.872,1579.699,1154.622,328.364,237.398,0.785,0.176,6.702
500,16.667,LOCK,True,True,1578.895,1157.735,1578.0,1157.668,314.077,241.524,0.898,0.005,7.304
501,16.7,LOCK,True,True,1577.831,1161.591,1576.168,1161.354,316.007,234.845,1.679,0.123,8.955
502,16.733,LOCK,True,True,1576.741,1165.439,1575.523,1164.647,320.441,251.293,1.453,0.145,8.72
503,16.767,LOCK,True,True,1575.625,1169.281,1574.861,1168.32,318.039,245.805,1.227,0.094,11.306
504,16.8,LOCK,True,True,1574.484,1173.114,1574.245,1172.207,323.833,247.219,0.938,0.021,10.706
505,16.833,LOCK,True,True,1573.317,1176.94,1573.758,1175.861,330.958,234.699,1.166,0.007,7.295
506,16.867,LOCK,True,True,1572.124,1180.759,1572.46,1180.085,326.064,251.796,0.752,0.081,8.688
507,16.9,LOCK,True,True,1570.907,1184.569,1570.305,1184.109,313.338,237.228,0.757,0.134,9.146
508,16.933,LOCK,True,True,1569.664,1188.371,1568.945,1188.407,323.02,232.94,0.719,0.185,6.498
509,16.967,LOCK,True,True,1568.395,1192.164,1568.465,1193.054,310.171,236.088,0.892,0.1,6.675
510,17.0,LOCK,True,True,1567.101,1195.949,1566.97,1196.446,320.165,241.468,0.514,0.133,6.783
511,17.033,LOCK,True,True,1565.782,1199.725,1565.102,1199.974,311.357,238.887,0.724,0.013,6.272
512,17.067,LOCK,True,True,1564.438,1203.493,1562.95,1203.338,332.59,240.63,1.497,0.042,5.724
513,17.1,LOCK,True,True,1563.069,1207.251,1561.323,1206.95,328.048,249.739,1.772,0.088,6.671
514,17.133,LOCK,True,True,1561.675,1211.0,1559.905,1211.501,315.127,245.989,1.84,0.169,6.283
515,17.167,LOCK,True,True,1560.256,1214.74,1559.024,1215.642,317.689,228.674,1.527,0.12,6.07
516,17.2,LOCK,True,True,1558.812,1218.47,1558.264,1219.937,320.967,228.212,1.565,0.167,5.524
517,17.233,LOCK,True,True,1557.343,1222.191,1556.893,1223.247,316.989,236.041,1.148,0.205,2.847
518,17.267,LOCK,True,True,1555.849,1225.902,1554.72,1226.021,312.397,239.363,1.136,0.139,3.728
519,17.3,LOCK,True,True,1554.331,1229.602,1553.038,1229.602,314.89,228.332,1.293,0.032,3.144
520,17.333,LOCK,True,True,1552.788,1233.293,1552.43,1232.908,324.564,231.139,0.525,0.153,4.545
521,17.367,LOCK,True,True,1551.22,1236.973,1550.775,1236.86,328.407,240.697,0.459,0.135,4.341
522,17.4,LOCK,True,True,1549.628,1240.642,1548.856,1240.459,312.561,244.404,0.794,0.111,2.577
523,17.433,LOCK,True,True,1548.012,1244.301,1547.529,1244.06,327.499,249.767,0.54,0.091,3.569
524,17.467,LOCK,True,True,1546.371,1247.949,1545.982,1247.712,320.959,239.599,0.455,0.132,12.102
525,17.5,LOCK,True,True,1544.706,1251.586,1544.796,1251.569,308.375,230.941,0.092,0.194,7.504
526,17.533,LOCK,True,True,1543.017,1255.212,1543.136,1255.423,316.401,230.988,0.243,0.06,2.92
527,17.567,LOCK,True,True,1541.303,1258.826,1540.65,1259.043,312.516,239.242,0.688,0.064,4.31
528,17.6,LOCK,True,True,1539.566,1262.429,1538.825,1262.952,309.692,245.775,0.907,0.198,3.134
529,17.633,LOCK,True,True,1537.804,1266.02,1536.917,1265.929,323.07,234.22,0.891,0.073,3.884
530,17.667,LOCK,True,True,1536.019,1269.6,1535.323,1269.418,313.301,249.148,0.719,0.063,28.522
531,17.7,LOCK,True,True,1534.209,1273.167,1533.583,1272.965,317.37,244.9,0.658,0.155,3.634
532,17.733,LOCK,True,True,1532.377,1276.722,1530.418,1277.108,314.088,229.995,1.996,0.172,4.409
533,17.767,LOCK,True,True,1530.52,1280.265,1528.297,1280.29,319.19,244.533,2.223,0.082,3.082
534,17.8,LOCK,True,True,1528.64,1283.796,1526.173,1284.307,320.519,247.268,2.519,0.086,4.496
535,17.833,LOCK,True,True,1526.736,1287.314,1524.423,1287.674,317.445,243.843,2.34,0.038,75.468
536,17.867,LOCK,True,True,1524.809,1290.819,1521.465,1290.554,321.795,232.387,3.355,0.049,3.191
537,17.9,LOCK,True,True,1522.858,1294.311,1519.46,1293.704,324.045,249.613,3.452,0.184,3.811
538,17.933,LOCK,True,True,1520.885,1297.79,1517.791,1297.275,320.026,249.297,3.136,0.023,6.36
539,17.967,LOCK,True,True,1518.888,1301.256,1516.371,1300.946,310.593,251.949,2.536,0.1,5.897
540,18.0,LOCK,False,False,1516.868,1304.709,1515.225,1304.784,,,1.645,,1.656
541,18.033,COAST,False,False,1514.825,1308.148,1513.919,1308.531,,,0.984,,1.843
542,18.067,COAST,False,False,1512.759,1311.573,1512.558,1312.356,,,0.809,,2.309
543,18.1,COAST,False,False,1510.671,1314.985,1511.224,1316.022,,,1.175,,2.322
544,18.133,COAST,False,False,1508.56,1318.382,1509.552,1319.813,,,1.741,,2.508
545,18.167,COAST,False,False,1506.426,1321.765,1508.374,1323.65,,,2.711,,5.291
546,18.2,COAST,False,False,1504.269,1325.134,1507.653,1327.663,,,4.224,,3.249
547,18.233,COAST,False,False,1502.091,1328.489,1506.991,1331.571,,,5.789,,3.73
548,18.267,COAST,False,False,1499.89,1331.829,1505.77,1335.315,,,6.836,,4.02
549,18.3,COAST,False,False,1497.666,1335.154,1504.481,1338.876,,,7.765,,5.329
550,18.333,COAST,False,False,1495.421,1338.464,1503.214,1342.67,,,8.856,,6.098
551,18.367,COAST,False,False,1493.154,1341.76,1501.9,1346.216,,,9.817,,9.107
552,18.4,COAST,False,False,1490.864,1345.04,1500.185,1350.004,,,10.561,,9.237
553,18.433,COAST,False,False,1488.553,1348.304,1498.816,1354.008,,,11.741,,9.861
554,18.467,COAST,False,False,1486.22,1351.554,1497.369,1357.632,,,12.698,,8.585
555,18.5,COAST,False,False,1483.866,1354.787,1495.811,1361.256,,,13.584,,16.683
556,18.533,REACQUIRE,False,False,1481.49,1358.005,1494.559,1364.922,,,14.787,,12.999
557,18.567,REACQUIRE,False,False,1479.092,1361.207,1499.853,1377.157,,,26.18,,31.771
558,18.6,LOCK,True,True,1476.674,1364.393,1497.738,1394.768,304.951,206.174,36.964,0.313,31.377
559,18.633,LOCK,True,True,1474.234,1367.563,1485.915,1382.842,303.683,215.999,19.233,0.177,4.956
560,18.667,LOCK,True,True,1471.773,1370.716,1480.438,1380.007,304.524,237.596,12.704,0.187,3.477
561,18.7,LOCK,True,True,1469.291,1373.853,1474.934,1379.234,326.161,233.939,7.797,0.17,3.131
562,18.733,LOCK,True,True,1466.788,1376.973,1470.218,1380.545,323.815,228.476,4.952,0.053,4.502
563,18.767,LOCK,True,True,1464.265,1380.077,1466.834,1381.615,315.718,235.661,2.995,0.126,3.012
564,18.8,LOCK,True,True,1461.721,1383.163,1463.028,1383.749,324.466,240.931,1.433,0.111,4.337
565,18.833,LOCK,True,True,1459.156,1386.233,1459.917,1386.162,324.977,241.043,0.764,0.107,6.15
566,18.867,LOCK,True,True,1456.571,1389.285,1456.911,1389.435,323.589,246.81,0.371,0.081,7.606
567,18.9,LOCK,True,True,1453.965,1392.32,1453.939,1392.399,326.313,235.948,0.083,0.121,10.881
568,18.933,LOCK,True,True,1451.34,1395.338,1451.792,1396.178,326.484,231.454,0.953,0.127,4.067
569,18.967,LOCK,True,True,1448.694,1398.338,1450.754,1399.453,325.882,231.963,2.342,0.098,8.238
570,19.0,LOCK,True,True,1446.029,1401.321,1447.649,1402.264,324.08,235.063,1.875,0.279,4.289
571,19.033,LOCK,True,True,1443.343,1404.285,1444.1,1404.379,326.953,249.693,0.762,0.138,4.63
572,19.067,LOCK,True,True,1440.638,1407.232,1440.924,1408.09,317.164,241.007,0.905,0.146,3.393
573,19.1,LOCK,True,True,1437.914,1410.16,1438.114,1411.009,309.105,236.793,0.872,0.172,10.183
574,19.133,LOCK,True,True,1435.17,1413.071,1435.275,1413.741,312.437,241.063,0.679,0.271,3.929
575,19.167,LOCK,True,True,1432.406,1415.963,1432.058,1416.537,314.397,248.723,0.672,0.125,3.23
576,19.2,LOCK,True,True,1429.623,1418.836,1428.111,1419.415,319.83,227.342,1.619,0.205,4.602
577,19.233,LOCK,True,True,1426.822,1421.691,1426.968,1422.385,324.155,228.887,0.709,0.144,6.231
578,19.267,LOCK,True,True,1424.001,1424.527,1424.046,1424.706,325.429,240.683,0.184,0.137,3.898
579,19.3,LOCK,True,True,1421.161,1427.344,1421.753,1427.434,331.395,237.703,0.598,0.043,3.654
580,19.333,LOCK,True,True,1418.303,1430.142,1418.503,1430.294,324.425,245.355,0.251,0.133,4.395
581,19.367,LOCK,True,True,1415.426,1432.922,1416.124,1433.043,323.674,232.153,0.708,0.118,4.069
582,19.4,LOCK,True,True,1412.531,1435.681,1413.622,1435.72,322.791,239.306,1.092,0.083,3.822
583,19.433,LOCK,True,True,1409.617,1438.422,1410.408,1437.775,326.619,245.247,1.022,0.082,3.162
584,19.467,LOCK,True,True,1406.685,1441.143,1407.591,1440.7,327.425,233.129,1.008,0.208,3.581
585,19.5,LOCK,True,True,1403.735,1443.844,1404.818,1443.416,318.893,237.172,1.165,0.175,5.564
586,19.533,LOCK,True,True,1400.767,1446.526,1401.403,1446.071,321.352,248.955,0.781,0.094,4.259
587,19.567,LOCK,True,True,1397.782,1449.188,1398.09,1448.94,309.037,231.213,0.396,0.314,3.596
588,19.6,LOCK,True,True,1394.778,1451.83,1394.683,1451.253,313.996,237.67,0.585,0.175,3.782
589,19.633,LOCK,True,True,1391.757,1454.452,1391.355,1453.824,326.391,230.601,0.746,0.067,3.488
590,19.667,LOCK,True,True,1388.719,1457.053,1388.02,1456.348,327.792,248.873,0.993,0.073,3.424
591,19.7,LOCK,True,True,1385.663,1459.634,1385.222,1458.231,310.219,233.876,1.471,0.16,4.18
592,19.733,LOCK,True,True,1382.591,1462.195,1381.679,1460.921,318.301,237.645,1.567,0.202,3.506
593,19.767,LOCK,True,True,1379.501,1464.736,1378.391,1463.616,318.377,234.852,1.577,0.084,5.095
594,19.8,LOCK,True,True,1376.394,1467.255,1375.411,1466.024,326.241,229.394,1.576,0.111,4.859
595,19.833,LOCK,True,True,1373.271,1469.754,1372.774,1468.917,324.783,250.052,0.973,0.235,4.036
596,19.867,LOCK,True,True,1370.131,1472.232,1370.802,1472.388,310.545,240.024,0.689,0.204,3.839
597,19.9,LOCK,True,True,1366.974,1474.689,1369.304,1475.243,311.16,237.533,2.395,0.036,5.584
598,19.933,LOCK,True,True,1363.802,1477.125,1366.328,1477.23,310.144,245.796,2.529,0.237,5.413
599,19.967,LOCK,True,True,1360.613,1479.54,1362.721,1479.447,315.241,231.967,2.11,0.315,3.367
600,20.0,LOCK,True,True,1357.408,1481.933,1358.902,1482.361,311.898,248.307,1.554,0.164,3.987
601,20.033,LOCK,True,True,1354.187,1484.305,1356.077,1485.304,310.38,238.388,2.138,0.109,3.815
602,20.067,LOCK,True,True,1350.95,1486.656,1352.671,1487.476,318.934,234.485,1.906,0.006,4.937
603,20.1,LOCK,True,True,1347.698,1488.985,1349.173,1489.324,317.04,231.164,1.513,0.147,4.45
604,20.133,LOCK,True,True,1344.431,1491.292,1346.22,1491.528,318.189,240.952,1.805,0.057,3.672
605,20.167,LOCK,True,True,1341.148,1493.577,1343.663,1494.06,312.114,248.548,2.561,0.159,3.995
606,20.2,LOCK,True,True,1337.85,1495.84,1339.919,1495.868,319.006,244.448,2.07,0.043,5.222
607,20.233,LOCK,True,True,1334.537,1498.082,1335.978,1498.438,312.398,246.921,1.485,0.148,4.639
608,20.267,LOCK,True,True,1331.209,1500.301,1332.284,1500.231,312.101,245.206,1.077,0.171,7.183
609,20.3,LOCK,True,True,1327.866,1502.498,1327.747,1503.043,317.01,230.258,0.558,0.182,5.048
610,20.333,LOCK,True,True,1324.509,1504.672,1323.55,1504.832,331.471,233.831,0.972,0.149,4.545
611,20.367,LOCK,True,True,1321.137,1506.824,1320.171,1505.915,326.859,240.029,1.327,0.084,3.942
612,20.4,LOCK,True,True,1317.751,1508.954,1317.557,1508.757,327.446,250.919,0.277,0.102,4.576
613,20.433,LOCK,True,True,1314.351,1511.061,1314.898,1511.998,314.689,238.04,1.085,0.142,3.886
614,20.467,LOCK,True,True,1310.937,1513.145,1309.648,1513.21,317.233,231.343,1.29,0.066,4.748
615,20.5,LOCK,True,True,1307.509,1515.207,1306.017,1515.359,328.718,233.27,1.5,0.102,48.563
616,20.533,LOCK,True,True,1304.068,1517.245,1302.329,1517.811,323.953,237.777,1.828,0.216,3.708
617,20.567,LOCK,True,True,1300.613,1519.261,1298.607,1519.372,319.89,233.378,2.009,0.189,3.888
618,20.6,LOCK,True,True,1297.144,1521.254,1295.422,1521.815,332.054,227.656,1.811,0.091,4.996
619,20.633,LOCK,True,True,1293.663,1523.223,1290.868,1523.471,329.712,239.985,2.806,0.19,6.188
620,20.667,LOCK,True,True,1290.168,1525.169,1288.066,1525.45,328.327,249.878,2.121,0.155,3.81
621,20.7,LOCK,True,True,1286.66,1527.092,1285.217,1526.888,332.937,248.075,1.458,0.168,4.074
622,20.733,LOCK,True,True,1283.14,1528.991,1282.508,1528.647,319.71,233.023,0.72,0.232,4.905
623,20.767,LOCK,True,True,1279.607,1530.867,1279.766,1530.184,319.821,244.845,0.701,0.138,4.297
624,20.8,LOCK,True,True,1276.062,1532.719,1276.97,1532.09,309.494,244.207,1.105,0.094,5.163
625,20.833,LOCK,True,True,1272.504,1534.548,1273.782,1533.979,316.346,249.73,1.398,0.056,5.238
626,20.867,LOCK,True,True,1268.935,1536.353,1271.271,1537.17,308.91,246.747,2.476,0.105,3.756
627,20.9,LOCK,True,True,1265.353,1538.134,1266.762,1538.145,311.99,237.109,1.409,0.093,3.981
628,20.933,LOCK,True,True,1261.76,1539.891,1262.737,1540.341,315.039,249.017,1.076,0.115,4.256
629,20.967,LOCK,True,True,1258.155,1541.624,1257.764,1541.22,326.973,232.921,0.562,0.069,7.22
630,21.0,LOCK,True,True,1254.538,1543.333,1253.669,1542.255,323.871,233.376,1.384,0.109,7.501
631,21.033,LOCK,True,True,1250.91,1545.017,1250.073,1543.777,324.724,238.001,1.496,0.083,5.697
632,21.067,LOCK,True,True,1247.271,1546.678,1246.42,1545.2,329.069,243.887,1.705,0.064,4.18
633,21.1,LOCK,True,True,1243.621,1548.314,1242.213,1547.578,327.07,246.262,1.59,0.179,3.866
634,21.133,LOCK,True,True,1239.96,1549.926,1238.134,1550.0,316.251,237.461,1.828,0.097,3.724
635,21.167,LOCK,True,True,1236.289,1551.514,1235.246,1551.519,318.995,245.63,1.043,0.087,6.966
636,21.2,LOCK,True,True,1232.607,1553.077,1232.376,1553.69,314.457,244.697,0.656,0.096,5.728
637,21.233,LOCK,True,True,1228.915,1554.615,1228.796,1554.771,320.555,242.489,0.196,0.014,3.63
638,21.267,LOCK,True,True,1225.212,1556.129,1223.946,1556.74,321.764,247.646,1.406,0.268,3.921
639,21.3,LOCK,True,True,1221.5,1557.618,1220.073,1558.398,314.152,240.673,1.626,0.084,3.789
640,21.333,LOCK,True,True,1217.777,1559.082,1216.146,1558.979,314.959,246.216,1.634,0.046,11.469
641,21.367,LOCK,True,True,1214.045,1560.522,1213.303,1560.221,326.93,245.019,0.801,0.067,37.21
642,21.4,LOCK,True,True,1210.304,1561.936,1209.785,1561.348,312.206,245.572,0.784,0.261,5.836
643,21.433,LOCK,True,True,1206.553,1563.326,1207.022,1563.306,314.388,244.904,0.47,0.049,6.62
644,21.467,LOCK,True,True,1202.793,1564.69,1202.921,1563.14,325.072,253.141,1.556,0.192,6.772
645,21.5,LOCK,True,True,1199.024,1566.03,1199.255,1565.281,309.259,234.89,0.784,0.097,8.937
646,21.533,LOCK,True,True,1195.246,1567.344,1194.935,1566.051,328.093,253.139,1.33,0.089,6.54
647,21.567,LOCK,True,True,1191.459,1568.633,1191.115,1567.303,320.509,239.03,1.374,0.107,6.557
648,21.6,LOCK,True,True,1187.664,1569.897,1187.349,1568.876,323.667,238.312,1.068,0.08,6.396
649,21.633,LOCK,True,True,1183.861,1571.135,1183.238,1570.144,329.524,245.422,1.17,0.025,7.441
650,21.667,LOCK,True,True,1180.049,1572.348,1181.48,1571.903,319.016,228.824,1.499,0.09,6.509
651,21.7,LOCK,True,True,1176.229,1573.536,1176.497,1572.848,324.116,245.111,0.738,0.06,7.017
652,21.733,LOCK,True,True,1172.402,1574.698,1172.653,1574.828,329.266,239.473,0.283,0.076,15.792
653,21.767,LOCK,True,True,1168.567,1575.834,1168.183,1576.447,313.624,235.333,0.723,0.033,14.058
654,21.8,LOCK,True,True,1164.724,1576.945,1164.187,1577.974,321.017,231.722,1.16,0.121,6.938
655,21.833,LOCK,True,True,1160.874,1578.031,1160.48,1578.802,327.03,250.868,0.866,0.267,10.736
656,21.867,LOCK,True,True,1157.017,1579.09,1156.075,1579.264,315.214,231.804,0.958,0.174,6.601
657,21.9,LOCK,True,True,1153.153,1580.124,1152.059,1580.087,316.676,239.926,1.095,0.178,6.352
658,21.933,LOCK,True,True,1149.282,1581.132,1147.787,1581.425,315.704,245.461,1.523,0.2,8.584
659,21.967,LOCK,True,True,1145.405,1582.115,1143.627,1582.398,311.103,238.316,1.8,0.037,6.388
660,22.0,LOCK,True,True,1141.521,1583.071,1139.525,1583.01,330.473,229.996,1.996,0.166,7.8
661,22.033,LOCK,True,True,1137.63,1584.002,1134.564,1583.511,334.932,232.274,3.105,0.236,6.517
662,22.067,LOCK,True,True,1133.734,1584.906,1131.163,1583.883,325.274,244.645,2.767,0.081,9.295
663,22.1,LOCK,True,True,1129.832,1585.785,1128.14,1585.297,313.041,228.966,1.761,0.123,6.632
664,22.133,LOCK,True,True,1125.924,1586.637,1124.614,1586.088,333.284,233.149,1.42,0.18,10.924
665,22.167,LOCK,True,True,1122.01,1587.464,1121.018,1586.857,329.697,251.603,1.163,0.206,7.114
666,22.2,LOCK,True,True,1118.091,1588.264,1117.408,1587.495,319.301,230.258,1.028,0.177,10.29
667,22.233,LOCK,True,True,1114.167,1589.038,1113.1,1589.034,332.459,241.749,1.066,0.253,7.406
668,22.267,LOCK,True,True,1110.237,1589.786,1109.066,1590.276,327.156,235.96,1.27,0.091,9.708
669,22.3,LOCK,True,True,1106.303,1590.508,1104.536,1591.024,330.533,239.993,1.84,0.083,9.965
670,22.333,LOCK,True,True,1102.364,1591.204,1100.641,1592.321,323.848,235.928,2.054,0.375,6.802
671,22.367,LOCK,True,True,1098.42,1591.873,1096.74,1591.492,313.319,239.821,1.722,0.24,6.262
672,22.4,LOCK,True,True,1094.472,1592.516,1093.007,1591.966,311.529,251.563,1.565,0.142,15.977
673,22.433,LOCK,True,True,1090.52,1593.132,1089.314,1591.878,332.089,237.066,1.74,0.043,12.368
674,22.467,LOCK,True,True,1086.564,1593.723,1085.555,1592.819,328.83,250.962,1.354,0.199,6.929
675,22.5,LOCK,True,True,1082.604,1594.287,1081.95,1594.601,320.479,241.044,0.726,0.075,7.3
676,22.533,LOCK,True,True,1078.64,1594.824,1077.936,1595.614,329.93,231.674,1.058,0.083,7.348
677,22.567,LOCK,True,True,1074.673,1595.335,1074.032,1596.308,326.582,228.224,1.165,0.104,17.445
678,22.6,LOCK,True,True,1070.702,1595.82,1070.392,1595.743,317.025,244.218,0.319,0.022,20.05
679,22.633,LOCK,True,True,1066.729,1596.278,1066.803,1596.084,328.356,249.276,0.208,0.125,5.248
680,22.667,LOCK,True,True,1062.752,1596.709,1063.639,1596.125,318.06,252.03,1.062,0.258,7.775
681,22.7,LOCK,True,True,1058.773,1597.115,1060.236,1596.458,306.934,248.719,1.604,0.098,7.22
682,22.733,LOCK,True,True,1054.79,1597.493,1056.222,1597.82,312.439,243.639,1.468,0.081,5.664
683,22.767,LOCK,True,True,1050.806,1597.845,1051.657,1597.775,322.821,235.462,0.854,0.036,5.87
684,22.8,LOCK,True,True,1046.819,1598.171,1047.39,1598.118,311.372,251.828,0.573,0.05,2.908
685,22.833,LOCK,True,True,1042.83,1598.469,1043.41,1598.131,322.221,250.546,0.671,0.072,3.467
686,22.867,LOCK,True,True,1038.84,1598.742,1039.043,1598.55,315.952,239.919,0.279,0.142,3.992
687,22.9,LOCK,True,True,1034.847,1598.987,1035.59,1599.852,309.836,250.214,1.14,0.154,3.291
688,22.933,LOCK,True,True,1030.853,1599.206,1031.559,1600.563,323.441,232.235,1.529,0.012,3.099
689,22.967,LOCK,True,True,1026.858,1599.399,1026.874,1600.478,331.095,242.97,1.079,0.181,6.508
690,23.0,LOCK,True,True,1022.861,1599.564,1022.417,1600.36,327.903,237.596,0.912,0.056,3.295
691,23.033,LOCK,True,True,1018.864,1599.703,1018.209,1600.567,331.141,233.978,1.084,0.095,2.768
692,23.067,LOCK,True,True,1014.865,1599.816,1014.968,1600.523,313.931,238.428,0.715,0.28,4.518
693,23.1,LOCK,True,True,1010.866,1599.902,1010.821,1600.666,321.037,243.575,0.765,0.147,2.718
694,23.133,LOCK,True,True,1006.867,1599.961,1006.629,1600.253,328.113,233.46,0.377,0.147,3.504
695,23.167,LOCK,True,True,1002.867,1599.993,1002.511,1600.2,326.665,248.736,0.411,0.078,2.653
696,23.2,LOCK,True,True,998.867,1599.999,998.397,1600.284,316.207,251.06,0.549,0.104,2.871
697,23.233,LOCK,True,True,994.867,1599.978,993.477,1600.48,322.348,246.191,1.477,0.166,3.589
698,23.267,LOCK,True,True,990.867,1599.93,989.722,1601.263,325.573,241.476,1.757,0.061,2.823
699,23.3,LOCK,True,True,986.868,1599.856,986.179,1600.35,327.288,238.589,0.848,0.195,7.089
700,23.333,LOCK,True,True,982.869,1599.755,982.08,1599.442,318.056,248.563,0.849,0.159,2.976
701,23.367,LOCK,True,True,978.871,1599.628,977.973,1599.089,321.445,232.094,1.048,0.156,3.624
702,23.4,LOCK,True,True,974.874,1599.474,974.332,1598.802,311.916,248.351,0.864,0.046,6.513
703,23.433,LOCK,True,True,970.878,1599.293,971.02,1598.52,319.422,236.219,0.786,0.19,2.951
704,23.467,LOCK,True,True,966.884,1599.085,966.991,1598.101,315.17,235.561,0.99,0.031,2.873
705,23.5,LOCK,True,True,962.891,1598.851,963.019,1598.178,313.316,234.315,0.685,0.145,2.77
706,23.533,LOCK,True,True,958.899,1598.591,959.348,1598.425,329.683,245.099,0.478,0.084,2.864
707,23.567,LOCK,True,True,954.909,1598.303,955.055,1599.572,315.999,228.817,1.277,0.083,2.791
708,23.6,LOCK,True,True,950.922,1597.989,951.599,1598.239,327.165,228.869,0.722,0.058,3.073
709,23.633,LOCK,True,True,946.936,1597.649,947.627,1597.896,311.03,241.004,0.734,0.078,7.76
710,23.667,LOCK,True,True,942.953,1597.282,944.099,1597.522,311.718,234.295,1.17,0.11,4.929
711,23.7,LOCK,True,True,938.973,1596.888,939.204,1597.512,308.722,250.028,0.665,0.059,2.953
712,23.733,LOCK,True,True,934.995,1596.468,935.474,1597.501,319.654,240.837,1.139,0.066,2.716
713,23.767,LOCK,True,True,931.02,1596.022,931.364,1597.189,324.715,247.156,1.217,0.123,40.837
714,23.8,LOCK,True,True,927.048,1595.548,926.788,1596.038,330.751,247.806,0.554,0.125,2.723
715,23.833,LOCK,True,True,923.079,1595.049,922.331,1595.679,325.826,235.237,0.978,0.037,16.305
716,23.867,LOCK,True,True,919.114,1594.523,918.873,1595.033,308.201,241.899,0.565,0.123,3.887
717,23.9,LOCK,True,True,915.152,1593.97,916.094,1595.49,313.252,236.988,1.788,0.266,3.693
718,23.933,LOCK,True,True,911.194,1593.392,912.783,1593.708,323.149,231.767,1.62,0.071,3.094
719,23.967,LOCK,True,True,907.24,1592.786,909.124,1593.647,313.546,230.321,2.07,0.032,4.47
720,24.0,LOCK,True,True,903.291,1592.155,904.789,1593.601,319.458,227.9,2.082,0.144,3.657
721,24.033,LOCK,True,True,899.345,1591.497,900.889,1592.577,309.72,238.44,1.885,0.117,7.293
722,24.067,LOCK,True,True,895.404,1590.813,897.646,1591.226,321.906,243.863,2.279,0.17,3.241
723,24.1,LOCK,True,True,891.468,1590.102,891.676,1591.069,322.472,229.124,0.988,0.132,4.204
724,24.133,LOCK,True,True,887.536,1589.366,887.199,1590.107,311.968,234.148,0.814,0.144,5.1
725,24.167,LOCK,True,True,883.61,1588.603,884.417,1588.396,326.047,243.991,0.833,0.185,7.073
726,24.2,LOCK,True,True,879.688,1587.814,880.177,1587.029,326.704,246.519,0.925,0.124,8.941
727,24.233,LOCK,True,True,875.772,1586.999,877.529,1587.132,325.691,238.09,1.762,0.138,4.915
728,24.267,LOCK,True,True,871.862,1586.157,873.101,1585.822,320.005,232.941,1.284,0.096,5.289
729,24.3,LOCK,True,True,867.957,1585.29,869.567,1585.278,326.834,250.993,1.61,0.127,3.828
730,24.333,LOCK,True,True,864.058,1584.397,865.02,1584.052,328.76,248.517,1.023,0.01,3.23
731,24.367,LOCK,True,True,860.165,1583.478,860.489,1582.83,319.457,240.604,0.725,0.135,4.214
732,24.4,LOCK,True,True,856.278,1582.532,856.563,1581.852,311.666,230.324,0.738,0.188,3.479
733,24.433,LOCK,True,True,852.398,1581.561,852.524,1581.392,331.076,237.947,0.212,0.207,3.88
734,24.467,LOCK,True,True,848.524,1580.564,848.163,1580.411,314.852,249.786,0.392,0.214,7.335
735,24.5,LOCK,True,True,844.657,1579.542,844.235,1579.927,318.02,247.079,0.572,0.046,3.19
736,24.533,LOCK,True,True,840.797,1578.493,840.77,1579.42,330.056,240.959,0.927,0.186,3.996
737,24.567,LOCK,True,True,836.944,1577.419,836.81,1578.476,312.24,238.683,1.066,0.142,4.022
738,24.6,LOCK,True,True,833.098,1576.319,832.765,1576.947,308.352,240.447,0.71,0.046,3.907
739,24.633,LOCK,True,True,829.26,1575.194,829.325,1575.882,323.387,244.755,0.691,0.171,3.785
740,24.667,LOCK,True,True,825.429,1574.043,825.409,1574.109,329.241,237.601,0.069,0.051,4.417
741,24.7,LOCK,True,True,821.606,1572.866,821.056,1572.423,316.052,246.107,0.706,0.091,3.891
742,24.733,LOCK,True,True,817.791,1571.664,817.082,1571.264,315.649,249.044,0.814,0.085,33.604
743,24.767,LOCK,True,True,813.984,1570.437,812.942,1570.515,330.292,233.801,1.045,0.223,6.691
744,24.8,LOCK,True,True,810.185,1569.184,809.455,1568.955,321.414,237.248,0.765,0.135,10.409
745,24.833,LOCK,True,True,806.395,1567.906,806.091,1567.75,328.637,236.896,0.341,0.23,6.161
746,24.867,LOCK,True,True,802.613,1566.602,802.704,1567.056,320.706,250.107,0.463,0.148,4.872
747,24.9,LOCK,True,True,798.84,1565.274,798.098,1566.429,310.231,227.168,1.373,0.116,4.009
748,24.933,LOCK,True,True,795.076,1563.92,794.784,1564.988,313.979,239.999,1.107,0.072,5.066
749,24.967,LOCK,True,True,791.321,1562.542,790.881,1563.061,322.913,240.519,0.68,0.266,3.484
750,25.0,LOCK,True,True,787.575,1561.138,786.74,1561.672,318.549,239.902,0.992,0.057,3.423
751,25.033,LOCK,True,True,783.839,1559.709,782.61,1560.289,314.925,237.818,1.359,0.128,4.282
752,25.067,LOCK,True,True,780.113,1558.256,780.081,1558.758,314.402,248.806,0.503,0.052,9.415
753,25.1,LOCK,True,True,776.396,1556.778,777.127,1557.213,317.0,249.754,0.851,0.112,5.105
754,25.133,LOCK,True,True,772.689,1555.274,772.501,1556.008,319.03,248.257,0.757,0.266,3.206
755,25.167,LOCK,True,True,768.992,1553.747,768.419,1554.268,308.766,244.763,0.774,0.07,4.111
756,25.2,LOCK,True,True,765.306,1552.194,764.665,1552.443,330.213,239.617,0.688,0.107,4.13
757,25.233,LOCK,True,True,761.63,1550.617,761.703,1550.552,308.957,251.027,0.098,0.021,3.252
758,25.267,LOCK,True,True,757.964,1549.016,759.066,1548.764,307.289,251.181,1.13,0.01,4.084
759,25.3,LOCK,True,True,754.31,1547.39,756.027,1547.066,308.506,229.868,1.747,0.108,3.168
760,25.333,LOCK,True,True,750.666,1545.74,751.494,1545.363,318.971,238.361,0.91,0.16,4.702
761,25.367,LOCK,True,True,747.033,1544.066,747.767,1543.676,320.517,250.255,0.831,0.242,3.465
762,25.4,LOCK,True,True,743.412,1542.367,744.688,1542.825,312.894,249.911,1.356,0.236,4.961
763,25.433,LOCK,True,True,739.802,1540.645,740.526,1540.765,315.367,231.569,0.734,0.113,4.982
764,25.467,LOCK,True,True,736.203,1538.898,736.037,1539.043,309.593,249.609,0.221,0.132,3.606
765,25.5,LOCK,True,True,732.616,1537.128,731.894,1537.685,328.145,229.714,0.912,0.341,4.839
766,25.533,LOCK,True,True,729.041,1535.333,728.555,1536.004,328.966,240.36,0.829,0.156,6.367
767,25.567,LOCK,True,True,725.479,1533.515,724.532,1534.249,316.038,231.743,1.197,0.113,4.063
768,25.6,LOCK,True,True,721.928,1531.673,720.206,1532.473,311.25,244.395,1.899,0.15,6.782
769,25.633,LOCK,True,True,718.39,1529.807,716.661,1530.727,312.286,228.903,1.958,0.115,2.789
770,25.667,LOCK,True,True,714.864,1527.918,713.357,1528.893,311.795,229.17,1.795,0.119,2.798
771,25.7,LOCK,True,True,711.351,1526.005,709.855,1527.096,314.853,241.318,1.851,0.108,5.099
772,25.733,LOCK,True,True,707.851,1524.069,706.762,1524.896,327.123,244.216,1.367,0.15,6.032
773,25.767,LOCK,True,True,704.363,1522.11,703.218,1522.511,311.516,249.487,1.213,0.058,3.363
774,25.8,LOCK,True,True,700.889,1520.128,699.804,1519.957,319.873,229.263,1.098,0.105,4.501
775,25.833,LOCK,True,True,697.428,1518.122,697.049,1518.273,327.203,228.052,0.408,0.161,3.293
776,25.867,LOCK,True,True,693.981,1516.093,692.876,1516.185,324.731,231.934,1.108,0.144,3.656
777,25.9,LOCK,True,True,690.547,1514.042,688.405,1514.406,317.301,230.961,2.173,0.115,6.426
778,25.933,LOCK,True,True,687.127,1511.967,684.957,1512.236,328.02,248.714,2.187,0.17,4.331
779,25.967,LOCK,True,True,683.721,1509.87,681.487,1510.415,327.392,235.792,2.299,0.136,4.234
780,26.0,LOCK,True,True,680.329,1507.75,677.993,1507.817,318.319,250.169,2.337,0.109,4.462
781,26.033,LOCK,True,True,676.951,1505.608,673.958,1505.936,319.015,241.136,3.011,0.218,3.373
782,26.067,LOCK,True,True,673.587,1503.443,670.232,1503.34,322.834,246.242,3.357,0.157,6.332
783,26.1,LOCK,True,True,670.238,1501.256,667.485,1500.664,311.446,251.682,2.816,0.066,3.478
784,26.133,LOCK,True,True,666.904,1499.046,664.178,1498.195,323.791,232.421,2.856,0.111,3.784
785,26.167,LOCK,True,True,663.585,1496.814,660.85,1495.999,325.26,233.723,2.853,0.178,4.127
786,26.2,LOCK,True,True,660.28,1494.561,659.045,1493.642,310.91,236.851,1.54,0.08,4.088
787,26.233,LOCK,True,True,656.99,1492.285,656.191,1491.336,316.851,231.293,1.241,0.126,4.511
788,26.267,LOCK,True,True,653.716,1489.987,652.617,1489.444,315.918,243.868,1.227,0.114,5.816
789,26.3,LOCK,True,True,650.457,1487.668,650.033,1486.818,316.969,242.522,0.95,0.088,4.868
790,26.333,LOCK,True,True,647.214,1485.327,646.526,1484.303,329.222,244.248,1.233,0.147,4.679
791,26.367,LOCK,True,True,643.986,1482.964,644.2,1481.491,312.968,239.82,1.488,0.041,4.61
792,26.4,LOCK,True,True,640.775,1480.58,640.765,1479.327,321.142,235.925,1.253,0.125,4.552
793,26.433,LOCK,True,True,637.579,1478.174,637.616,1477.368,329.693,235.729,0.807,0.065,3.956
794,26.467,LOCK,True,True,634.399,1475.748,635.028,1475.404,313.345,248.603,0.717,0.063,5.175
795,26.5,LOCK,True,True,631.235,1473.3,631.904,1472.981,326.442,240.575,0.74,0.095,4.864
796,26.533,LOCK,True,True,628.088,1470.831,629.164,1470.611,315.026,248.471,1.098,0.264,4.057
797,26.567,LOCK,True,True,624.958,1468.341,625.679,1467.697,317.581,249.708,0.967,0.172,4.458
798,26.6,LOCK,True,True,621.844,1465.83,622.538,1465.265,316.549,248.222,0.895,0.098,4.048
799,26.633,LOCK,True,True,618.747,1463.299,618.774,1462.686,328.904,231.207,0.613,0.184,4.834
800,26.667,LOCK,True,True,615.667,1460.747,615.737,1460.672,314.526,231.565,0.103,0.047,6.83
801,26.7,LOCK,True,True,612.603,1458.175,612.535,1458.098,326.043,244.961,0.102,0.159,4.132
802,26.733,LOCK,True,True,609.558,1455.582,609.048,1455.943,324.272,247.222,0.624,0.102,3.639
803,26.767,LOCK,True,True,606.529,1452.969,606.048,1453.098,309.346,234.035,0.498,0.131,5.372
804,26.8,LOCK,True,True,603.518,1450.335,602.782,1450.933,323.421,232.09,0.948,0.092,6.364
805,26.833,LOCK,True,True,600.525,1447.682,600.028,1447.769,323.267,241.909,0.504,0.085,4.064
806,26.867,LOCK,True,True,597.549,1445.009,596.927,1445.066,312.5,231.314,0.625,0.044,4.069
807,26.9,LOCK,True,True,594.591,1442.316,594.295,1442.519,323.556,243.949,0.359,0.082,4.391
808,26.933,LOCK,True,True,591.651,1439.604,590.702,1440.132,322.005,230.714,1.087,0.108,3.634
809,26.967,LOCK,True,True,588.73,1436.872,587.661,1436.46,317.558,235.735,1.145,0.091,4.229
810,27.0,LOCK,True,True,585.827,1434.12,585.02,1433.638,321.343,231.438,0.939,0.075,4.17
811,27.033,LOCK,True,True,582.942,1431.349,582.408,1430.781,320.382,245.669,0.779,0.143,5.501
812,27.067,LOCK,True,True,580.075,1428.559,579.919,1427.937,330.552,240.022,0.642,0.153,3.979
813,27.1,LOCK,True,True,577.228,1425.75,577.292,1424.684,329.66,249.009,1.068,0.247,7.292
814,27.133,LOCK,True,True,574.399,1422.923,575.201,1421.82,320.394,245.914,1.364,0.088,4.091
815,27.167,LOCK,True,True,571.589,1420.076,572.133,1418.878,325.144,239.538,1.316,0.051,7.83
816,27.2,LOCK,True,True,568.798,1417.21,569.192,1416.455,307.899,250.47,0.852,0.106,4.493
817,27.233,LOCK,True,True,566.026,1414.327,566.399,1413.431,328.564,230.41,0.97,0.088,4.656
818,27.267,LOCK,True,True,563.273,1411.424,562.941,1410.525,317.007,250.774,0.958,0.185,4.107
819,27.3,LOCK,True,True,560.54,1408.504,560.062,1408.344,312.457,251.129,0.504,0.098,6.431
820,27.333,LOCK,True,True,557.827,1405.565,557.25,1406.48,314.431,250.486,1.082,0.069,7.158
821,27.367,LOCK,True,True,555.133,1402.608,555.368,1403.674,309.865,227.086,1.092,0.166,6.901
822,27.4,LOCK,True,True,552.459,1399.633,552.564,1400.531,319.495,229.488,0.904,0.177,4.774
823,27.433,LOCK,True,True,549.804,1396.641,549.828,1397.077,330.208,233.814,0.437,0.155,4.562
824,27.467,LOCK,True,True,547.17,1393.631,547.536,1394.14,326.966,229.175,0.627,0.178,4.49
825,27.5,LOCK,True,True,544.556,1390.603,544.491,1390.609,329.699,232.906,0.065,0.147,4.185
826,27.533,LOCK,True,True,541.962,1387.558,542.598,1387.865,326.048,236.561,0.706,0.154,4.045
827,27.567,LOCK,True,True,539.389,1384.496,539.33,1384.265,320.541,231.528,0.238,0.119,5.033
828,27.6,LOCK,True,True,536.836,1381.417,535.789,1381.501,324.338,233.987,1.05,0.036,4.396
829,27.633,LOCK,True,True,534.303,1378.32,533.485,1378.315,326.689,251.318,0.818,0.053,6.164
830,27.667,LOCK,True,True,531.791,1375.207,530.915,1374.24,323.821,234.911,1.305,0.139,4.763
831,27.7,LOCK,True,True,529.3,1372.078,528.141,1370.997,313.414,235.543,1.585,0.097,4.454
832,27.733,LOCK,True,True,526.83,1368.931,526.734,1367.867,314.591,245.96,1.069,0.08,4.131
833,27.767,LOCK,True,True,524.381,1365.769,524.206,1364.522,326.612,251.15,1.259,0.258,4.739
834,27.8,LOCK,True,True,521.953,1362.59,521.986,1361.646,308.82,233.442,0.945,0.204,6.316
835,27.833,LOCK,True,True,519.547,1359.395,520.028,1358.268,319.925,234.323,1.226,0.197,3.794
836,27.867,LOCK,True,True,517.162,1356.184,518.645,1355.759,326.941,232.648,1.543,0.148,4.365
837,27.9,LOCK,True,True,514.798,1352.957,515.605,1352.771,326.923,236.528,0.828,0.196,5.033
838,27.933,LOCK,True,True,512.455,1349.715,513.093,1350.556,320.845,227.791,1.055,0.267,5.477
839,27.967,LOCK,True,True,510.135,1346.457,510.611,1347.446,319.568,230.584,1.098,0.066,5.764
840,28.0,LOCK,True,True,507.836,1343.183,508.545,1343.535,314.767,249.697,0.792,0.086,6.783
841,28.033,LOCK,True,True,505.559,1339.894,506.803,1341.305,317.086,243.816,1.88,0.058,6.805
842,28.067,LOCK,True,True,503.304,1336.591,504.775,1338.257,327.915,250.001,2.223,0.283,5.469
843,28.1,LOCK,True,True,501.071,1333.272,501.808,1334.997,322.73,238.709,1.876,0.175,4.733
844,28.133,LOCK,True,True,498.861,1329.938,500.826,1330.839,321.35,227.891,2.162,0.05,5.019
845,28.167,LOCK,True,True,496.672,1326.59,498.15,1327.16,316.731,242.101,1.584,0.128,4.736
846,28.2,LOCK,True,True,494.506,1323.227,495.464,1323.381,320.466,246.509,0.97,0.144,4.404
847,28.233,LOCK,True,True,492.363,1319.85,492.532,1320.132,309.962,236.594,0.329,0.166,5.628
848,28.267,LOCK,True,True,490.241,1316.459,489.318,1317.361,309.191,229.944,1.291,0.082,12.386
849,28.3,LOCK,True,True,488.143,1313.053,486.971,1312.075,329.742,237.733,1.526,0.112,5.047
850,28.333,LOCK,True,True,486.067,1309.634,485.507,1308.804,315.38,249.245,1.002,0.05,4.598
851,28.367,LOCK,True,True,484.015,1306.201,483.377,1305.539,321.033,238.268,0.919,0.129,3.621
852,28.4,LOCK,True,True,481.985,1302.754,481.548,1302.276,312.065,237.942,0.648,0.244,4.75
853,28.433,LOCK,True,True,479.978,1299.294,478.867,1299.282,331.302,246.96,1.111,0.12,5.466
854,28.467,LOCK,True,True,477.994,1295.821,476.998,1296.135,330.925,243.408,1.045,0.14,6.365
855,28.5,LOCK,True,True,476.034,1292.334,475.452,1292.659,330.977,248.982,0.666,0.125,6.312
856,28.533,LOCK,True,True,474.096,1288.835,473.756,1289.158,325.12,235.427,0.47,0.117,4.622
857,28.567,LOCK,True,True,472.183,1285.322,471.685,1285.049,311.196,234.036,0.568,0.19,8.414
858,28.6,LOCK,True,True,470.292,1281.797,470.054,1281.952,317.934,249.657,0.284,0.098,6.545
859,28.633,LOCK,True,True,468.425,1278.26,468.117,1278.02,324.968,228.693,0.39,0.174,6.916
860,28.667,LOCK,True,True,466.582,1274.71,466.221,1273.458,325.948,239.328,1.302,0.039,6.686
861,28.7,LOCK,True,True,464.763,1271.147,464.586,1271.537,322.119,250.056,0.428,0.099,4.717
862,28.733,LOCK,True,True,462.967,1267.573,462.812,1268.38,314.005,242.083,0.821,0.089,4.453
863,28.767,LOCK,True,True,461.195,1263.987,461.331,1264.172,317.61,234.26,0.23,0.153,4.36
864,28.8,LOCK,True,True,459.447,1260.389,458.954,1259.223,326.965,229.98,1.266,0.123,4.741
865,28.833,LOCK,True,True,457.723,1256.78,457.044,1255.776,308.953,249.988,1.212,0.172,4.571
866,28.867,LOCK,True,True,456.023,1253.159,455.869,1251.871,324.815,243.686,1.297,0.046,4.402
867,28.9,LOCK,True,True,454.348,1249.527,454.394,1248.145,315.917,240.888,1.383,0.143,4.4
868,28.933,LOCK,True,True,452.696,1245.883,451.838,1245.61,332.356,238.042,0.9,0.159,6.147
869,28.967,LOCK,True,True,451.069,1242.229,449.877,1241.98,311.194,238.934,1.218,0.108,5.716
870,29.0,LOCK,True,True,449.467,1238.564,448.003,1239.672,326.575,244.125,1.836,0.119,5.259
871,29.033,LOCK,True,True,447.888,1234.889,446.847,1236.02,329.866,235.669,1.538,0.065,4.772
872,29.067,LOCK,True,True,446.335,1231.203,446.044,1231.482,317.977,251.284,0.403,0.118,5.68
873,29.1,LOCK,True,True,444.806,1227.507,444.809,1227.811,329.507,244.878,0.304,0.249,4.381
874,29.133,LOCK,True,True,443.301,1223.801,443.233,1223.795,326.509,243.468,0.069,0.063,5.726
875,29.167,LOCK,True,True,441.822,1220.084,441.566,1219.963,332.383,241.064,0.283,0.214,5.333
876,29.2,LOCK,True,True,440.367,1216.358,440.103,1216.12,309.281,232.438,0.355,0.099,4.951
877,29.233,LOCK,True,True,438.937,1212.623,437.982,1212.503,331.611,239.253,0.962,0.18,5.457
878,29.267,LOCK,True,True,437.532,1208.877,436.701,1208.627,327.176,243.16,0.868,0.258,5.668
879,29.3,LOCK,True,True,436.152,1205.123,435.437,1204.749,314.005,237.173,0.807,0.078,7.221
880,29.333,LOCK,True,True,434.797,1201.359,434.316,1200.843,332.326,239.827,0.706,0.237,5.348
881,29.367,LOCK,True,True,433.467,1197.587,433.1,1197.548,330.045,239.294,0.369,0.044,4.673
882,29.4,LOCK,True,True,432.163,1193.806,431.864,1193.641,328.553,242.715,0.34,0.174,4.622
883,29.433,LOCK,True,True,430.883,1190.016,430.777,1190.292,322.41,248.703,0.296,0.096,15.017
884,29.467,LOCK,True,True,429.629,1186.218,428.989,1186.403,309.127,231.079,0.666,0.164,5.455
885,29.5,LOCK,True,True,428.4,1182.411,427.701,1182.298,320.193,242.429,0.709,0.194,4.877
886,29.533,LOCK,True,True,427.197,1178.596,426.184,1178.509,313.472,250.928,1.017,0.138,6.602
887,29.567,LOCK,True,True,426.019,1174.774,424.807,1174.585,328.626,248.317,1.226,0.048,4.972
888,29.6,LOCK,True,True,424.867,1170.943,424.364,1170.08,320.834,235.692,0.999,0.106,4.289
889,29.633,LOCK,True,True,423.74,1167.105,423.582,1166.564,324.204,250.1,0.564,0.172,5.097
890,29.667,LOCK,True,True,422.639,1163.26,422.36,1162.119,324.021,243.044,1.175,0.214,6.248
891,29.7,LOCK,True,True,421.563,1159.407,420.944,1158.298,311.762,246.224,1.27,0.063,7.538
892,29.733,LOCK,True,True,420.513,1155.547,419.184,1155.05,318.935,250.155,1.419,0.216,7.677
893,29.767,LOCK,True,True,419.489,1151.681,418.129,1150.969,313.292,229.128,1.535,0.204,6.081
894,29.8,LOCK,True,True,418.491,1147.807,417.42,1146.947,318.655,239.629,1.373,0.291,3.31
895,29.833,LOCK,True,True,417.518,1143.927,416.349,1143.457,319.481,249.765,1.261,0.102,3.237
896,29.867,LOCK,True,True,416.572,1140.041,415.182,1140.042,322.508,231.741,1.39,0.1,5.662
897,29.9,LOCK,True,True,415.651,1136.148,414.188,1136.242,320.66,227.887,1.466,0.099,6.893
898,29.933,LOCK,True,True,414.756,1132.25,413.3,1132.697,324.811,242.832,1.523,0.179,4.836
899,29.967,LOCK,True,True,413.888,1128.345,412.613,1129.112,314.616,248.14,1.487,0.186,3.858
